seed,k,N,depth,lr,num_gd_steps,xcoord,pred_diff_sq,loss_initial,loss_final,loss_ref_initial,loss_ref_final
0,1,500,10,0.08,10,1.28,1.032799482345581,73.67901611328125,47.53166961669922,70.86539459228516,45.574432373046875
0,1,500,11,0.07272727272727274,10,1.408,1.1539098024368286,70.18641662597656,39.513267517089844,70.86539459228516,45.574432373046875
0,1,500,12,0.06666666666666667,10,1.536,1.5657235383987427,72.60980224609375,39.399864196777344,70.86539459228516,45.574432373046875
0,1,500,13,0.06153846153846154,10,1.664,1.0053917169570923,76.31460571289062,50.7332763671875,70.86539459228516,45.574432373046875
0,1,500,14,0.05714285714285715,10,1.792,1.5044084787368774,74.62136840820312,40.65943908691406,70.86539459228516,45.574432373046875
0,1,500,15,0.05333333333333334,10,1.92,1.396674633026123,73.85331726074219,44.76385498046875,70.86539459228516,45.574432373046875
0,1,500,16,0.05,10,2.048,1.2770317792892456,72.50231170654297,41.177650451660156,70.86539459228516,45.574432373046875
0,1,500,17,0.047058823529411764,10,2.176,1.2470446825027466,73.40245056152344,47.72962951660156,70.86539459228516,45.574432373046875
0,1,500,18,0.044444444444444446,10,2.304,1.8950927257537842,71.74271392822266,39.77671432495117,70.86539459228516,45.574432373046875
0,1,500,19,0.042105263157894736,10,2.432,3.356025457382202,70.97528076171875,35.260292053222656,70.86539459228516,45.574432373046875
0,1,500,20,0.04,10,2.56,9.94873046875,72.32418823242188,22.88475799560547,70.86539459228516,45.574432373046875
0,2,1000,10,0.08,10,0.64,0.6378320455551147,72.51758575439453,46.44941711425781,70.86539459228516,45.574432373046875
0,2,1000,11,0.07272727272727274,10,0.704,0.6899651288986206,72.33073425292969,49.96698760986328,70.86539459228516,45.574432373046875
0,2,1000,12,0.06666666666666667,10,0.768,0.740271806716919,71.91425323486328,48.198699951171875,70.86539459228516,45.574432373046875
0,2,1000,13,0.06153846153846154,10,0.832,0.8739021420478821,71.7157211303711,41.919410705566406,70.86539459228516,45.574432373046875
0,2,1000,14,0.05714285714285715,10,0.896,0.8491861820220947,72.33522033691406,44.650413513183594,70.86539459228516,45.574432373046875
0,2,1000,15,0.05333333333333334,10,0.96,0.6367399096488953,71.5167007446289,46.323211669921875,70.86539459228516,45.574432373046875
0,2,1000,16,0.05,10,1.024,0.7824994325637817,73.50018310546875,47.54341125488281,70.86539459228516,45.574432373046875
0,2,1000,17,0.047058823529411764,10,1.088,0.9321100115776062,76.21699523925781,52.16796875,70.86539459228516,45.574432373046875
0,2,1000,18,0.044444444444444446,10,1.152,0.678093433380127,73.85726928710938,45.786903381347656,70.86539459228516,45.574432373046875
0,2,1000,19,0.042105263157894736,10,1.216,0.8169234395027161,71.6051025390625,47.37218475341797,70.86539459228516,45.574432373046875
0,2,1000,20,0.04,10,1.28,0.9905520081520081,72.68251037597656,42.972694396972656,70.86539459228516,45.574432373046875
0,3,1500,10,0.08,10,0.4266666666666667,0.6791002750396729,74.39080047607422,46.98076629638672,70.86539459228516,45.574432373046875
0,3,1500,11,0.07272727272727274,10,0.4693333333333333,0.7476097941398621,73.03916931152344,43.69382858276367,70.86539459228516,45.574432373046875
0,3,1500,12,0.06666666666666667,10,0.512,0.825429379940033,74.16536712646484,44.501441955566406,70.86539459228516,45.574432373046875
0,3,1500,13,0.06153846153846154,10,0.5546666666666666,1.1784592866897583,72.47470092773438,45.45201873779297,70.86539459228516,45.574432373046875
0,3,1500,14,0.05714285714285715,10,0.5973333333333334,0.8137343525886536,72.00215148925781,42.704078674316406,70.86539459228516,45.574432373046875
0,3,1500,15,0.05333333333333334,10,0.64,0.8314504027366638,73.05621337890625,45.06797409057617,70.86539459228516,45.574432373046875
0,3,1500,16,0.05,10,0.6826666666666666,1.2476168870925903,70.41006469726562,42.056026458740234,70.86539459228516,45.574432373046875
0,3,1500,17,0.047058823529411764,10,0.7253333333333334,0.7637916207313538,73.63955688476562,47.794456481933594,70.86539459228516,45.574432373046875
0,3,1500,18,0.044444444444444446,10,0.768,0.765544593334198,71.12313842773438,44.041866302490234,70.86539459228516,45.574432373046875
0,3,1500,19,0.042105263157894736,10,0.8106666666666666,1.0430341958999634,73.56478881835938,44.77192687988281,70.86539459228516,45.574432373046875
0,3,1500,20,0.04,10,0.8533333333333334,1.0828453302383423,71.08090209960938,43.638816833496094,70.86539459228516,45.574432373046875
0,4,2000,10,0.08,10,0.32,0.6443049907684326,74.4051513671875,49.10955810546875,70.86539459228516,45.574432373046875
0,4,2000,11,0.07272727272727274,10,0.352,0.796114444732666,72.76043701171875,45.450599670410156,70.86539459228516,45.574432373046875
0,4,2000,12,0.06666666666666667,10,0.384,0.8484640121459961,72.66909790039062,47.06700897216797,70.86539459228516,45.574432373046875
0,4,2000,13,0.06153846153846154,10,0.416,0.9998305439949036,70.5877685546875,44.11821746826172,70.86539459228516,45.574432373046875
0,4,2000,14,0.05714285714285715,10,0.448,0.6138978004455566,72.32977294921875,43.789833068847656,70.86539459228516,45.574432373046875
0,4,2000,15,0.05333333333333334,10,0.48,0.7905086278915405,71.87777709960938,45.99954605102539,70.86539459228516,45.574432373046875
0,4,2000,16,0.05,10,0.512,0.9990819692611694,71.61141204833984,42.86155700683594,70.86539459228516,45.574432373046875
0,4,2000,17,0.047058823529411764,10,0.544,0.617820680141449,74.42526245117188,47.951942443847656,70.86539459228516,45.574432373046875
0,4,2000,18,0.044444444444444446,10,0.576,0.6340399980545044,74.24739837646484,47.075523376464844,70.86539459228516,45.574432373046875
0,4,2000,19,0.042105263157894736,10,0.608,0.6777576208114624,74.05787658691406,48.342159271240234,70.86539459228516,45.574432373046875
0,4,2000,20,0.04,10,0.64,0.8668341636657715,74.51953887939453,47.76997756958008,70.86539459228516,45.574432373046875
0,5,2500,10,0.08,10,0.256,0.8293907046318054,74.91133117675781,50.46595764160156,70.86539459228516,45.574432373046875
0,5,2500,11,0.07272727272727274,10,0.2816,0.9197326898574829,72.88058471679688,50.065853118896484,70.86539459228516,45.574432373046875
0,5,2500,12,0.06666666666666667,10,0.3072,0.621354341506958,73.91592407226562,48.517051696777344,70.86539459228516,45.574432373046875
0,5,2500,13,0.06153846153846154,10,0.3328,0.8570124506950378,73.04777526855469,48.03464126586914,70.86539459228516,45.574432373046875
0,5,2500,14,0.05714285714285715,10,0.3584,0.8320943713188171,74.53727722167969,51.500038146972656,70.86539459228516,45.574432373046875
0,5,2500,15,0.05333333333333334,10,0.384,0.8726710677146912,72.97673034667969,48.98509216308594,70.86539459228516,45.574432373046875
0,5,2500,16,0.05,10,0.4096,0.7570981383323669,69.93940734863281,46.25591278076172,70.86539459228516,45.574432373046875
0,5,2500,17,0.047058823529411764,10,0.4352,0.6900116801261902,72.97675323486328,45.747352600097656,70.86539459228516,45.574432373046875
0,5,2500,18,0.044444444444444446,10,0.4608,0.9209789037704468,72.13104248046875,47.8239631652832,70.86539459228516,45.574432373046875
0,5,2500,19,0.042105263157894736,10,0.4864,0.8762909173965454,74.0455551147461,49.138065338134766,70.86539459228516,45.574432373046875
0,5,2500,20,0.04,10,0.512,1.0374473333358765,73.27937316894531,50.09501647949219,70.86539459228516,45.574432373046875
0,6,3000,10,0.08,10,0.21333333333333335,0.4462246894836426,69.70658111572266,44.85914611816406,70.86539459228516,45.574432373046875
0,6,3000,11,0.07272727272727274,10,0.23466666666666666,0.5870019197463989,70.26835632324219,44.839111328125,70.86539459228516,45.574432373046875
0,6,3000,12,0.06666666666666667,10,0.256,0.6290357708930969,72.55921936035156,45.928627014160156,70.86539459228516,45.574432373046875
0,6,3000,13,0.06153846153846154,10,0.2773333333333333,0.707685649394989,73.85816192626953,47.759490966796875,70.86539459228516,45.574432373046875
0,6,3000,14,0.05714285714285715,10,0.2986666666666667,0.5268322825431824,73.43069458007812,47.25041961669922,70.86539459228516,45.574432373046875
0,6,3000,15,0.05333333333333334,10,0.32,0.7886618375778198,68.94220733642578,43.67108154296875,70.86539459228516,45.574432373046875
0,6,3000,16,0.05,10,0.3413333333333333,1.046445608139038,76.16094970703125,50.70684051513672,70.86539459228516,45.574432373046875
0,6,3000,17,0.047058823529411764,10,0.3626666666666667,0.5733511447906494,73.39305114746094,48.80713653564453,70.86539459228516,45.574432373046875
0,6,3000,18,0.044444444444444446,10,0.384,0.5335565805435181,72.90653228759766,46.87184524536133,70.86539459228516,45.574432373046875
0,6,3000,19,0.042105263157894736,10,0.4053333333333333,0.5599780082702637,73.21195983886719,47.633575439453125,70.86539459228516,45.574432373046875
0,6,3000,20,0.04,10,0.4266666666666667,0.9549399614334106,74.24998474121094,49.87743377685547,70.86539459228516,45.574432373046875
0,7,3500,10,0.08,10,0.18285714285714286,0.4857747256755829,73.23583221435547,46.133628845214844,70.86539459228516,45.574432373046875
0,7,3500,11,0.07272727272727274,10,0.20114285714285715,0.6555402874946594,74.9089126586914,46.62214660644531,70.86539459228516,45.574432373046875
0,7,3500,12,0.06666666666666667,10,0.21942857142857142,0.8261887431144714,71.50881958007812,44.109710693359375,70.86539459228516,45.574432373046875
0,7,3500,13,0.06153846153846154,10,0.2377142857142857,0.6235429048538208,73.86366271972656,46.773162841796875,70.86539459228516,45.574432373046875
0,7,3500,14,0.05714285714285715,10,0.256,0.614362359046936,73.67160034179688,46.71575164794922,70.86539459228516,45.574432373046875
0,7,3500,15,0.05333333333333334,10,0.2742857142857143,0.7171585559844971,68.88920593261719,42.122093200683594,70.86539459228516,45.574432373046875
0,7,3500,16,0.05,10,0.2925714285714286,0.5097443461418152,69.19221496582031,41.78546905517578,70.86539459228516,45.574432373046875
0,7,3500,17,0.047058823529411764,10,0.31085714285714283,0.6241504549980164,70.98445892333984,43.165802001953125,70.86539459228516,45.574432373046875
0,7,3500,18,0.044444444444444446,10,0.3291428571428571,0.7131053805351257,70.73500061035156,42.860382080078125,70.86539459228516,45.574432373046875
0,7,3500,19,0.042105263157894736,10,0.3474285714285714,0.3964604139328003,72.488525390625,45.44626998901367,70.86539459228516,45.574432373046875
0,7,3500,20,0.04,10,0.3657142857142857,0.5545414090156555,71.26278686523438,45.33934020996094,70.86539459228516,45.574432373046875
0,8,4000,10,0.08,10,0.16,0.6389359831809998,71.9069595336914,44.81549835205078,70.86539459228516,45.574432373046875
0,8,4000,11,0.07272727272727274,10,0.176,0.421053409576416,75.71356201171875,48.143917083740234,70.86539459228516,45.574432373046875
0,8,4000,12,0.06666666666666667,10,0.192,0.4299114942550659,74.5428466796875,48.14641571044922,70.86539459228516,45.574432373046875
0,8,4000,13,0.06153846153846154,10,0.208,0.6233400106430054,74.83465576171875,49.07286071777344,70.86539459228516,45.574432373046875
0,8,4000,14,0.05714285714285715,10,0.224,0.4986381530761719,73.29395294189453,46.9044189453125,70.86539459228516,45.574432373046875
0,8,4000,15,0.05333333333333334,10,0.24,0.6091658473014832,73.01336669921875,48.87646484375,70.86539459228516,45.574432373046875
0,8,4000,16,0.05,10,0.256,0.5650461316108704,74.71121215820312,45.845069885253906,70.86539459228516,45.574432373046875
0,8,4000,17,0.047058823529411764,10,0.272,0.8510674238204956,71.52919006347656,45.74748992919922,70.86539459228516,45.574432373046875
0,8,4000,18,0.044444444444444446,10,0.288,0.6181961894035339,74.92701721191406,47.73824691772461,70.86539459228516,45.574432373046875
0,8,4000,19,0.042105263157894736,10,0.304,0.6633289456367493,73.90319061279297,47.516197204589844,70.86539459228516,45.574432373046875
0,8,4000,20,0.04,10,0.32,0.6390600204467773,72.24702453613281,47.68256759643555,70.86539459228516,45.574432373046875
0,9,4500,10,0.08,10,0.14222222222222222,0.5964366793632507,72.43199920654297,46.14124298095703,70.86539459228516,45.574432373046875
0,9,4500,11,0.07272727272727274,10,0.15644444444444444,0.6259468793869019,74.03593444824219,48.26886749267578,70.86539459228516,45.574432373046875
0,9,4500,12,0.06666666666666667,10,0.17066666666666666,0.938954770565033,74.65753173828125,47.17168426513672,70.86539459228516,45.574432373046875
0,9,4500,13,0.06153846153846154,10,0.18488888888888888,0.9417961835861206,75.97947692871094,51.04454803466797,70.86539459228516,45.574432373046875
0,9,4500,14,0.05714285714285715,10,0.1991111111111111,0.8430832028388977,75.52961730957031,49.29346466064453,70.86539459228516,45.574432373046875
0,9,4500,15,0.05333333333333334,10,0.21333333333333335,0.6556922197341919,72.06982421875,47.03886032104492,70.86539459228516,45.574432373046875
0,9,4500,16,0.05,10,0.22755555555555557,0.6787758469581604,73.4979476928711,49.71495056152344,70.86539459228516,45.574432373046875
0,9,4500,17,0.047058823529411764,10,0.24177777777777779,0.7731528878211975,73.32554626464844,46.67958450317383,70.86539459228516,45.574432373046875
0,9,4500,18,0.044444444444444446,10,0.256,0.6807489395141602,70.70208740234375,46.51543426513672,70.86539459228516,45.574432373046875
0,9,4500,19,0.042105263157894736,10,0.2702222222222222,0.46715912222862244,72.5014419555664,48.70372772216797,70.86539459228516,45.574432373046875
0,9,4500,20,0.04,10,0.28444444444444444,0.6963632702827454,75.53121948242188,51.29517364501953,70.86539459228516,45.574432373046875
0,10,5000,10,0.08,10,0.128,0.4882247745990753,73.86026000976562,48.26563262939453,70.86539459228516,45.574432373046875
0,10,5000,11,0.07272727272727274,10,0.1408,0.6757793426513672,75.09663391113281,48.98809814453125,70.86539459228516,45.574432373046875
0,10,5000,12,0.06666666666666667,10,0.1536,0.7214776277542114,75.1182861328125,49.614959716796875,70.86539459228516,45.574432373046875
0,10,5000,13,0.06153846153846154,10,0.1664,0.5021624565124512,71.21102905273438,47.217960357666016,70.86539459228516,45.574432373046875
0,10,5000,14,0.05714285714285715,10,0.1792,0.706152617931366,72.17462158203125,46.85987091064453,70.86539459228516,45.574432373046875
0,10,5000,15,0.05333333333333334,10,0.192,0.7460325360298157,71.45974731445312,46.955116271972656,70.86539459228516,45.574432373046875
0,10,5000,16,0.05,10,0.2048,0.5370393395423889,77.70179748535156,49.726829528808594,70.86539459228516,45.574432373046875
0,10,5000,17,0.047058823529411764,10,0.2176,0.7618564367294312,72.63774108886719,48.62529754638672,70.86539459228516,45.574432373046875
0,10,5000,18,0.044444444444444446,10,0.2304,0.7992836833000183,76.12847137451172,50.620765686035156,70.86539459228516,45.574432373046875
0,10,5000,19,0.042105263157894736,10,0.2432,0.7703073620796204,72.92005157470703,48.636802673339844,70.86539459228516,45.574432373046875
0,10,5000,20,0.04,10,0.256,0.8305897116661072,71.39877319335938,47.32390594482422,70.86539459228516,45.574432373046875
0,11,5500,10,0.08,10,0.11636363636363636,0.6138008832931519,76.45265197753906,50.378990173339844,70.86539459228516,45.574432373046875
0,11,5500,11,0.07272727272727274,10,0.128,0.43111565709114075,71.66386413574219,47.26008605957031,70.86539459228516,45.574432373046875
0,11,5500,12,0.06666666666666667,10,0.13963636363636364,0.5875281691551208,74.26766967773438,49.50339889526367,70.86539459228516,45.574432373046875
0,11,5500,13,0.06153846153846154,10,0.15127272727272728,0.6612089276313782,72.62515258789062,47.04185485839844,70.86539459228516,45.574432373046875
0,11,5500,14,0.05714285714285715,10,0.16290909090909092,0.6724302768707275,72.56396484375,48.738121032714844,70.86539459228516,45.574432373046875
0,11,5500,15,0.05333333333333334,10,0.17454545454545456,0.5241236686706543,71.41592407226562,47.255043029785156,70.86539459228516,45.574432373046875
0,11,5500,16,0.05,10,0.18618181818181817,0.643375813961029,72.02665710449219,49.049163818359375,70.86539459228516,45.574432373046875
0,11,5500,17,0.047058823529411764,10,0.1978181818181818,0.5968953371047974,73.14356231689453,49.96246337890625,70.86539459228516,45.574432373046875
0,11,5500,18,0.044444444444444446,10,0.20945454545454545,0.686083972454071,75.42062377929688,51.2275505065918,70.86539459228516,45.574432373046875
0,11,5500,19,0.042105263157894736,10,0.2210909090909091,0.6200786828994751,72.34617614746094,49.24885559082031,70.86539459228516,45.574432373046875
0,11,5500,20,0.04,10,0.23272727272727273,0.7831506133079529,73.49373626708984,49.78350067138672,70.86539459228516,45.574432373046875
0,12,6000,10,0.08,10,0.10666666666666667,0.6121762990951538,72.22068786621094,46.71574401855469,70.86539459228516,45.574432373046875
0,12,6000,11,0.07272727272727274,10,0.11733333333333333,0.5586915016174316,73.47772216796875,46.57232666015625,70.86539459228516,45.574432373046875
0,12,6000,12,0.06666666666666667,10,0.128,0.6184525489807129,74.16397094726562,46.672203063964844,70.86539459228516,45.574432373046875
0,12,6000,13,0.06153846153846154,10,0.13866666666666666,0.7381373047828674,75.11497497558594,48.78258514404297,70.86539459228516,45.574432373046875
0,12,6000,14,0.05714285714285715,10,0.14933333333333335,0.4598813056945801,74.32176971435547,46.897438049316406,70.86539459228516,45.574432373046875
0,12,6000,15,0.05333333333333334,10,0.16,0.7777830958366394,72.9375228881836,47.22075653076172,70.86539459228516,45.574432373046875
0,12,6000,16,0.05,10,0.17066666666666666,0.648077666759491,72.55860900878906,47.43529510498047,70.86539459228516,45.574432373046875
0,12,6000,17,0.047058823529411764,10,0.18133333333333335,0.6280918121337891,71.83456420898438,45.43439865112305,70.86539459228516,45.574432373046875
0,12,6000,18,0.044444444444444446,10,0.192,0.499802827835083,73.18788146972656,47.251808166503906,70.86539459228516,45.574432373046875
0,12,6000,19,0.042105263157894736,10,0.20266666666666666,0.6138248443603516,69.87538146972656,45.54359817504883,70.86539459228516,45.574432373046875
0,12,6000,20,0.04,10,0.21333333333333335,0.7736086249351501,74.89432525634766,49.12628173828125,70.86539459228516,45.574432373046875
1,1,500,10,0.08,10,1.28,1.4218919277191162,72.73204040527344,43.059974670410156,75.64212036132812,49.555137634277344
1,1,500,11,0.07272727272727274,10,1.408,1.8189938068389893,74.03791809082031,41.95193862915039,75.64212036132812,49.555137634277344
1,1,500,12,0.06666666666666667,10,1.536,1.6752605438232422,72.54522705078125,43.384918212890625,75.64212036132812,49.555137634277344
1,1,500,13,0.06153846153846154,10,1.664,1.2500131130218506,75.77581024169922,47.13627243041992,75.64212036132812,49.555137634277344
1,1,500,14,0.05714285714285715,10,1.792,3.0794339179992676,74.44334411621094,39.794189453125,75.64212036132812,49.555137634277344
1,1,500,15,0.05333333333333334,10,1.92,2.6186416149139404,73.32246398925781,40.96129608154297,75.64212036132812,49.555137634277344
1,1,500,16,0.05,10,2.048,3.44331955909729,72.13412475585938,38.09960174560547,75.64212036132812,49.555137634277344
1,1,500,17,0.047058823529411764,10,2.176,1.736353874206543,73.65780639648438,48.83411407470703,75.64212036132812,49.555137634277344
1,1,500,18,0.044444444444444446,10,2.304,2.1203956604003906,72.58509063720703,42.25366973876953,75.64212036132812,49.555137634277344
1,1,500,19,0.042105263157894736,10,2.432,3.3757271766662598,72.201416015625,39.44972229003906,75.64212036132812,49.555137634277344
1,1,500,20,0.04,10,2.56,3.2986392974853516,71.93852233886719,39.946346282958984,75.64212036132812,49.555137634277344
1,2,1000,10,0.08,10,0.64,1.5544073581695557,72.20945739746094,42.74501419067383,75.64212036132812,49.555137634277344
1,2,1000,11,0.07272727272727274,10,0.704,1.348510980606079,70.00605773925781,43.231868743896484,75.64212036132812,49.555137634277344
1,2,1000,12,0.06666666666666667,10,0.768,1.4698827266693115,71.41868591308594,44.24436950683594,75.64212036132812,49.555137634277344
1,2,1000,13,0.06153846153846154,10,0.832,1.2244489192962646,70.24858093261719,44.84393310546875,75.64212036132812,49.555137634277344
1,2,1000,14,0.05714285714285715,10,0.896,0.7881271243095398,74.32151794433594,48.81623840332031,75.64212036132812,49.555137634277344
1,2,1000,15,0.05333333333333334,10,0.96,1.0494792461395264,76.11801147460938,51.466880798339844,75.64212036132812,49.555137634277344
1,2,1000,16,0.05,10,1.024,1.879077434539795,71.97941589355469,44.00992202758789,75.64212036132812,49.555137634277344
1,2,1000,17,0.047058823529411764,10,1.088,0.9731131792068481,72.66149139404297,45.85602951049805,75.64212036132812,49.555137634277344
1,2,1000,18,0.044444444444444446,10,1.152,1.197637915611267,71.88148498535156,47.851287841796875,75.64212036132812,49.555137634277344
1,2,1000,19,0.042105263157894736,10,1.216,1.3216633796691895,72.89892578125,44.85382080078125,75.64212036132812,49.555137634277344
1,2,1000,20,0.04,10,1.28,0.990534782409668,72.00141143798828,48.70146179199219,75.64212036132812,49.555137634277344
1,3,1500,10,0.08,10,0.4266666666666667,1.008731722831726,75.43699645996094,48.82099914550781,75.64212036132812,49.555137634277344
1,3,1500,11,0.07272727272727274,10,0.4693333333333333,0.8446574807167053,73.81462097167969,48.961891174316406,75.64212036132812,49.555137634277344
1,3,1500,12,0.06666666666666667,10,0.512,0.8780567049980164,76.12195587158203,49.38677215576172,75.64212036132812,49.555137634277344
1,3,1500,13,0.06153846153846154,10,0.5546666666666666,0.8396535515785217,72.71145629882812,48.031410217285156,75.64212036132812,49.555137634277344
1,3,1500,14,0.05714285714285715,10,0.5973333333333334,1.0585585832595825,71.22076416015625,46.96289825439453,75.64212036132812,49.555137634277344
1,3,1500,15,0.05333333333333334,10,0.64,0.5338815450668335,74.71990966796875,49.75950241088867,75.64212036132812,49.555137634277344
1,3,1500,16,0.05,10,0.6826666666666666,1.046629548072815,73.23020935058594,47.45744323730469,75.64212036132812,49.555137634277344
1,3,1500,17,0.047058823529411764,10,0.7253333333333334,0.939385175704956,72.71510314941406,45.7777099609375,75.64212036132812,49.555137634277344
1,3,1500,18,0.044444444444444446,10,0.768,0.9684469699859619,74.70193481445312,47.32575225830078,75.64212036132812,49.555137634277344
1,3,1500,19,0.042105263157894736,10,0.8106666666666666,0.8391268253326416,73.8689193725586,48.85322189331055,75.64212036132812,49.555137634277344
1,3,1500,20,0.04,10,0.8533333333333334,1.2162270545959473,69.40203857421875,42.932857513427734,75.64212036132812,49.555137634277344
1,4,2000,10,0.08,10,0.32,0.8183078169822693,75.11445617675781,46.91942596435547,75.64212036132812,49.555137634277344
1,4,2000,11,0.07272727272727274,10,0.352,0.845068633556366,73.02156066894531,45.550575256347656,75.64212036132812,49.555137634277344
1,4,2000,12,0.06666666666666667,10,0.384,0.8750069737434387,70.49163055419922,44.95855712890625,75.64212036132812,49.555137634277344
1,4,2000,13,0.06153846153846154,10,0.416,1.069620132446289,70.35411071777344,45.457550048828125,75.64212036132812,49.555137634277344
1,4,2000,14,0.05714285714285715,10,0.448,0.8216926455497742,76.12823486328125,49.850257873535156,75.64212036132812,49.555137634277344
1,4,2000,15,0.05333333333333334,10,0.48,0.9959538578987122,77.20466613769531,50.16765594482422,75.64212036132812,49.555137634277344
1,4,2000,16,0.05,10,0.512,1.125225305557251,69.99148559570312,44.63848876953125,75.64212036132812,49.555137634277344
1,4,2000,17,0.047058823529411764,10,0.544,0.9132957458496094,72.12687683105469,46.04132843017578,75.64212036132812,49.555137634277344
1,4,2000,18,0.044444444444444446,10,0.576,0.8378738760948181,72.91773986816406,46.21611785888672,75.64212036132812,49.555137634277344
1,4,2000,19,0.042105263157894736,10,0.608,0.6380993127822876,71.18885803222656,46.98179626464844,75.64212036132812,49.555137634277344
1,4,2000,20,0.04,10,0.64,0.6850741505622864,71.96589660644531,47.681522369384766,75.64212036132812,49.555137634277344
1,5,2500,10,0.08,10,0.256,0.7139012813568115,74.42379760742188,46.02451705932617,75.64212036132812,49.555137634277344
1,5,2500,11,0.07272727272727274,10,0.2816,0.7396278977394104,72.33409118652344,46.87855911254883,75.64212036132812,49.555137634277344
1,5,2500,12,0.06666666666666667,10,0.3072,0.7881125211715698,75.56640625,49.28248596191406,75.64212036132812,49.555137634277344
1,5,2500,13,0.06153846153846154,10,0.3328,0.6314945220947266,72.72543334960938,46.57221984863281,75.64212036132812,49.555137634277344
1,5,2500,14,0.05714285714285715,10,0.3584,0.6242523789405823,74.61343383789062,47.647743225097656,75.64212036132812,49.555137634277344
1,5,2500,15,0.05333333333333334,10,0.384,0.8332194089889526,75.11038208007812,49.52620315551758,75.64212036132812,49.555137634277344
1,5,2500,16,0.05,10,0.4096,0.5905918478965759,73.22439575195312,46.74530029296875,75.64212036132812,49.555137634277344
1,5,2500,17,0.047058823529411764,10,0.4352,0.8135702013969421,72.83287048339844,48.79365158081055,75.64212036132812,49.555137634277344
1,5,2500,18,0.044444444444444446,10,0.4608,1.2021952867507935,70.43951416015625,42.63091278076172,75.64212036132812,49.555137634277344
1,5,2500,19,0.042105263157894736,10,0.4864,0.6678870916366577,72.86266326904297,47.748809814453125,75.64212036132812,49.555137634277344
1,5,2500,20,0.04,10,0.512,0.7142627239227295,75.95272827148438,53.21549987792969,75.64212036132812,49.555137634277344
1,6,3000,10,0.08,10,0.21333333333333335,0.782026469707489,73.60112762451172,49.20561218261719,75.64212036132812,49.555137634277344
1,6,3000,11,0.07272727272727274,10,0.23466666666666666,0.6922340989112854,74.25765228271484,48.61186218261719,75.64212036132812,49.555137634277344
1,6,3000,12,0.06666666666666667,10,0.256,0.6115214228630066,73.81761169433594,50.7418212890625,75.64212036132812,49.555137634277344
1,6,3000,13,0.06153846153846154,10,0.2773333333333333,0.6830161809921265,72.94297790527344,48.6811637878418,75.64212036132812,49.555137634277344
1,6,3000,14,0.05714285714285715,10,0.2986666666666667,0.7904694676399231,72.63595581054688,49.04081344604492,75.64212036132812,49.555137634277344
1,6,3000,15,0.05333333333333334,10,0.32,1.0350133180618286,72.77519989013672,49.884620666503906,75.64212036132812,49.555137634277344
1,6,3000,16,0.05,10,0.3413333333333333,0.8468804955482483,70.83908081054688,45.76500701904297,75.64212036132812,49.555137634277344
1,6,3000,17,0.047058823529411764,10,0.3626666666666667,1.128868818283081,72.25112915039062,48.59326171875,75.64212036132812,49.555137634277344
1,6,3000,18,0.044444444444444446,10,0.384,0.7486142516136169,73.80149841308594,47.19367218017578,75.64212036132812,49.555137634277344
1,6,3000,19,0.042105263157894736,10,0.4053333333333333,0.9004846215248108,72.89138793945312,49.87830352783203,75.64212036132812,49.555137634277344
1,6,3000,20,0.04,10,0.4266666666666667,1.2904765605926514,72.67456817626953,47.780731201171875,75.64212036132812,49.555137634277344
1,7,3500,10,0.08,10,0.18285714285714286,0.6975652575492859,75.36094665527344,49.36357879638672,75.64212036132812,49.555137634277344
1,7,3500,11,0.07272727272727274,10,0.20114285714285715,0.5437331199645996,73.46958923339844,49.103763580322266,75.64212036132812,49.555137634277344
1,7,3500,12,0.06666666666666667,10,0.21942857142857142,0.41861727833747864,73.11548614501953,46.85126876831055,75.64212036132812,49.555137634277344
1,7,3500,13,0.06153846153846154,10,0.2377142857142857,0.8928996324539185,72.54592895507812,49.06962585449219,75.64212036132812,49.555137634277344
1,7,3500,14,0.05714285714285715,10,0.256,0.5576870441436768,73.18487548828125,48.4000244140625,75.64212036132812,49.555137634277344
1,7,3500,15,0.05333333333333334,10,0.2742857142857143,0.7956730723381042,71.07742309570312,44.92394256591797,75.64212036132812,49.555137634277344
1,7,3500,16,0.05,10,0.2925714285714286,0.6102375984191895,76.3109130859375,52.86826705932617,75.64212036132812,49.555137634277344
1,7,3500,17,0.047058823529411764,10,0.31085714285714283,0.6390755772590637,74.75845336914062,49.97432327270508,75.64212036132812,49.555137634277344
1,7,3500,18,0.044444444444444446,10,0.3291428571428571,0.9741772413253784,73.47097778320312,47.36241149902344,75.64212036132812,49.555137634277344
1,7,3500,19,0.042105263157894736,10,0.3474285714285714,0.6784554123878479,68.72445678710938,45.658851623535156,75.64212036132812,49.555137634277344
1,7,3500,20,0.04,10,0.3657142857142857,0.7110738754272461,70.9727783203125,47.96845626831055,75.64212036132812,49.555137634277344
1,8,4000,10,0.08,10,0.16,0.7950590252876282,70.63029479980469,45.95682144165039,75.64212036132812,49.555137634277344
1,8,4000,11,0.07272727272727274,10,0.176,0.6902326345443726,74.26242065429688,49.720191955566406,75.64212036132812,49.555137634277344
1,8,4000,12,0.06666666666666667,10,0.192,0.46671682596206665,73.13200378417969,48.53150939941406,75.64212036132812,49.555137634277344
1,8,4000,13,0.06153846153846154,10,0.208,0.6568604707717896,74.00750732421875,49.4799919128418,75.64212036132812,49.555137634277344
1,8,4000,14,0.05714285714285715,10,0.224,0.630037248134613,75.25557708740234,51.02081298828125,75.64212036132812,49.555137634277344
1,8,4000,15,0.05333333333333334,10,0.24,0.6499972343444824,69.05105590820312,45.65425491333008,75.64212036132812,49.555137634277344
1,8,4000,16,0.05,10,0.256,0.48703646659851074,71.42688751220703,47.445003509521484,75.64212036132812,49.555137634277344
1,8,4000,17,0.047058823529411764,10,0.272,0.7023530006408691,71.53121948242188,46.894561767578125,75.64212036132812,49.555137634277344
1,8,4000,18,0.044444444444444446,10,0.288,0.7076775431632996,75.30390167236328,50.57341766357422,75.64212036132812,49.555137634277344
1,8,4000,19,0.042105263157894736,10,0.304,0.6068379878997803,73.89228820800781,47.66619110107422,75.64212036132812,49.555137634277344
1,8,4000,20,0.04,10,0.32,0.5404654145240784,70.59838104248047,47.684940338134766,75.64212036132812,49.555137634277344
1,9,4500,10,0.08,10,0.14222222222222222,0.6996978521347046,74.55604553222656,47.056640625,75.64212036132812,49.555137634277344
1,9,4500,11,0.07272727272727274,10,0.15644444444444444,0.6170631051063538,74.7794418334961,49.1990966796875,75.64212036132812,49.555137634277344
1,9,4500,12,0.06666666666666667,10,0.17066666666666666,0.6080483198165894,70.28573608398438,46.395389556884766,75.64212036132812,49.555137634277344
1,9,4500,13,0.06153846153846154,10,0.18488888888888888,0.6690956950187683,72.41987609863281,46.60862731933594,75.64212036132812,49.555137634277344
1,9,4500,14,0.05714285714285715,10,0.1991111111111111,0.8544092178344727,73.63130187988281,48.122467041015625,75.64212036132812,49.555137634277344
1,9,4500,15,0.05333333333333334,10,0.21333333333333335,0.7658897638320923,69.53482055664062,45.15742874145508,75.64212036132812,49.555137634277344
1,9,4500,16,0.05,10,0.22755555555555557,0.7301502227783203,69.72178649902344,45.37034606933594,75.64212036132812,49.555137634277344
1,9,4500,17,0.047058823529411764,10,0.24177777777777779,0.7129321694374084,73.06257629394531,47.68193054199219,75.64212036132812,49.555137634277344
1,9,4500,18,0.044444444444444446,10,0.256,0.850670576095581,74.74385070800781,49.982730865478516,75.64212036132812,49.555137634277344
1,9,4500,19,0.042105263157894736,10,0.2702222222222222,0.773507833480835,72.93002319335938,47.539276123046875,75.64212036132812,49.555137634277344
1,9,4500,20,0.04,10,0.28444444444444444,1.0080899000167847,72.99269104003906,46.83163833618164,75.64212036132812,49.555137634277344
1,10,5000,10,0.08,10,0.128,0.7690598964691162,73.78719329833984,46.45781707763672,75.64212036132812,49.555137634277344
1,10,5000,11,0.07272727272727274,10,0.1408,0.827312171459198,72.44261169433594,46.062255859375,75.64212036132812,49.555137634277344
1,10,5000,12,0.06666666666666667,10,0.1536,0.5708841681480408,71.63516235351562,45.58855438232422,75.64212036132812,49.555137634277344
1,10,5000,13,0.06153846153846154,10,0.1664,0.5563663244247437,74.20040893554688,49.0367546081543,75.64212036132812,49.555137634277344
1,10,5000,14,0.05714285714285715,10,0.1792,0.8665852546691895,72.59197998046875,46.619354248046875,75.64212036132812,49.555137634277344
1,10,5000,15,0.05333333333333334,10,0.192,0.9993886947631836,70.92608642578125,44.91205596923828,75.64212036132812,49.555137634277344
1,10,5000,16,0.05,10,0.2048,0.7279539704322815,73.84262084960938,46.99139404296875,75.64212036132812,49.555137634277344
1,10,5000,17,0.047058823529411764,10,0.2176,0.8061326742172241,74.8056411743164,49.94828796386719,75.64212036132812,49.555137634277344
1,10,5000,18,0.044444444444444446,10,0.2304,0.8050044178962708,72.51512145996094,46.772029876708984,75.64212036132812,49.555137634277344
1,10,5000,19,0.042105263157894736,10,0.2432,0.6083608865737915,76.1136474609375,49.15874481201172,75.64212036132812,49.555137634277344
1,10,5000,20,0.04,10,0.256,0.7842784523963928,77.46199798583984,51.863075256347656,75.64212036132812,49.555137634277344
1,11,5500,10,0.08,10,0.11636363636363636,0.5161745548248291,70.90465545654297,46.77418518066406,75.64212036132812,49.555137634277344
1,11,5500,11,0.07272727272727274,10,0.128,0.642561137676239,72.43029022216797,48.04677963256836,75.64212036132812,49.555137634277344
1,11,5500,12,0.06666666666666667,10,0.13963636363636364,0.8606315851211548,72.97403717041016,48.10989761352539,75.64212036132812,49.555137634277344
1,11,5500,13,0.06153846153846154,10,0.15127272727272728,0.8265208005905151,72.79656982421875,49.59930419921875,75.64212036132812,49.555137634277344
1,11,5500,14,0.05714285714285715,10,0.16290909090909092,0.8187368512153625,74.8944091796875,50.481937408447266,75.64212036132812,49.555137634277344
1,11,5500,15,0.05333333333333334,10,0.17454545454545456,0.6765918135643005,72.3157958984375,47.93080139160156,75.64212036132812,49.555137634277344
1,11,5500,16,0.05,10,0.18618181818181817,0.6902018189430237,72.96167755126953,51.280731201171875,75.64212036132812,49.555137634277344
1,11,5500,17,0.047058823529411764,10,0.1978181818181818,0.7598122358322144,71.98255157470703,50.022422790527344,75.64212036132812,49.555137634277344
1,11,5500,18,0.044444444444444446,10,0.20945454545454545,0.7411191463470459,70.96945190429688,50.33183288574219,75.64212036132812,49.555137634277344
1,11,5500,19,0.042105263157894736,10,0.2210909090909091,0.9261990189552307,72.5693359375,49.02809143066406,75.64212036132812,49.555137634277344
1,11,5500,20,0.04,10,0.23272727272727273,0.9099430441856384,71.54515075683594,49.79399108886719,75.64212036132812,49.555137634277344
1,12,6000,10,0.08,10,0.10666666666666667,0.6457106471061707,74.76278686523438,48.8326301574707,75.64212036132812,49.555137634277344
1,12,6000,11,0.07272727272727274,10,0.11733333333333333,0.5835294127464294,74.8551254272461,49.84900665283203,75.64212036132812,49.555137634277344
1,12,6000,12,0.06666666666666667,10,0.128,0.6997711658477783,72.8539047241211,47.41252136230469,75.64212036132812,49.555137634277344
1,12,6000,13,0.06153846153846154,10,0.13866666666666666,0.5639200806617737,76.32823181152344,50.79375457763672,75.64212036132812,49.555137634277344
1,12,6000,14,0.05714285714285715,10,0.14933333333333335,0.6399799585342407,73.60147857666016,49.766441345214844,75.64212036132812,49.555137634277344
1,12,6000,15,0.05333333333333334,10,0.16,0.8201124668121338,77.17366027832031,50.306034088134766,75.64212036132812,49.555137634277344
1,12,6000,16,0.05,10,0.17066666666666666,0.7318717837333679,75.42589569091797,50.895652770996094,75.64212036132812,49.555137634277344
1,12,6000,17,0.047058823529411764,10,0.18133333333333335,0.8692469000816345,70.84634399414062,47.77867889404297,75.64212036132812,49.555137634277344
1,12,6000,18,0.044444444444444446,10,0.192,0.7600222826004028,73.25096893310547,49.23001480102539,75.64212036132812,49.555137634277344
1,12,6000,19,0.042105263157894736,10,0.20266666666666666,0.850890576839447,74.53840637207031,51.54340362548828,75.64212036132812,49.555137634277344
1,12,6000,20,0.04,10,0.21333333333333335,0.6558026671409607,71.07345581054688,46.82722473144531,75.64212036132812,49.555137634277344
2,1,500,10,0.08,10,1.28,0.9873147010803223,73.04849243164062,45.00696563720703,68.35948181152344,46.077392578125
2,1,500,11,0.07272727272727274,10,1.408,1.1186467409133911,72.11091613769531,40.667232513427734,68.35948181152344,46.077392578125
2,1,500,12,0.06666666666666667,10,1.536,1.2720401287078857,71.57130432128906,43.03261947631836,68.35948181152344,46.077392578125
2,1,500,13,0.06153846153846154,10,1.664,1.2902439832687378,74.00238800048828,42.344215393066406,68.35948181152344,46.077392578125
2,1,500,14,0.05714285714285715,10,1.792,1.045381784439087,74.6513671875,49.47420120239258,68.35948181152344,46.077392578125
2,1,500,15,0.05333333333333334,10,1.92,0.9764272570610046,74.62103271484375,48.36315155029297,68.35948181152344,46.077392578125
2,1,500,16,0.05,10,2.048,2.1531641483306885,73.74702453613281,35.822052001953125,68.35948181152344,46.077392578125
2,1,500,17,0.047058823529411764,10,2.176,1.459896206855774,73.97453308105469,42.869850158691406,68.35948181152344,46.077392578125
2,1,500,18,0.044444444444444446,10,2.304,0.8969886898994446,73.53564453125,47.37520980834961,68.35948181152344,46.077392578125
2,1,500,19,0.042105263157894736,10,2.432,1.2811797857284546,76.49600982666016,48.72214889526367,68.35948181152344,46.077392578125
2,1,500,20,0.04,10,2.56,2.7141575813293457,72.60140991210938,37.579246520996094,68.35948181152344,46.077392578125
2,2,1000,10,0.08,10,0.64,0.597034215927124,75.15763854980469,45.69286346435547,68.35948181152344,46.077392578125
2,2,1000,11,0.07272727272727274,10,0.704,1.8231103420257568,69.93096923828125,39.50413513183594,68.35948181152344,46.077392578125
2,2,1000,12,0.06666666666666667,10,0.768,1.3243011236190796,73.09329986572266,41.65513229370117,68.35948181152344,46.077392578125
2,2,1000,13,0.06153846153846154,10,0.832,0.8012672066688538,73.68905639648438,45.72700500488281,68.35948181152344,46.077392578125
2,2,1000,14,0.05714285714285715,10,0.896,1.360175609588623,69.97113037109375,40.5074577331543,68.35948181152344,46.077392578125
2,2,1000,15,0.05333333333333334,10,0.96,0.7455974221229553,77.30513000488281,48.28102111816406,68.35948181152344,46.077392578125
2,2,1000,16,0.05,10,1.024,0.6794933080673218,75.14027404785156,46.00967025756836,68.35948181152344,46.077392578125
2,2,1000,17,0.047058823529411764,10,1.088,0.9039670825004578,70.4025650024414,41.855857849121094,68.35948181152344,46.077392578125
2,2,1000,18,0.044444444444444446,10,1.152,1.064866065979004,72.01924896240234,42.65183639526367,68.35948181152344,46.077392578125
2,2,1000,19,0.042105263157894736,10,1.216,2.030885696411133,74.39045715332031,37.82853698730469,68.35948181152344,46.077392578125
2,2,1000,20,0.04,10,1.28,1.4845706224441528,72.42375183105469,40.10308074951172,68.35948181152344,46.077392578125
2,3,1500,10,0.08,10,0.4266666666666667,0.4550386965274811,72.97554016113281,48.84435272216797,68.35948181152344,46.077392578125
2,3,1500,11,0.07272727272727274,10,0.4693333333333333,0.5392941236495972,71.48133087158203,45.16587829589844,68.35948181152344,46.077392578125
2,3,1500,12,0.06666666666666667,10,0.512,0.8496812582015991,71.59828186035156,46.67324447631836,68.35948181152344,46.077392578125
2,3,1500,13,0.06153846153846154,10,0.5546666666666666,0.8443412184715271,71.8656005859375,44.482582092285156,68.35948181152344,46.077392578125
2,3,1500,14,0.05714285714285715,10,0.5973333333333334,0.6279338598251343,73.85586547851562,48.8133544921875,68.35948181152344,46.077392578125
2,3,1500,15,0.05333333333333334,10,0.64,0.952659547328949,73.42659759521484,43.55225372314453,68.35948181152344,46.077392578125
2,3,1500,16,0.05,10,0.6826666666666666,0.7254633903503418,73.0546875,48.79904556274414,68.35948181152344,46.077392578125
2,3,1500,17,0.047058823529411764,10,0.7253333333333334,0.5887423753738403,76.3792495727539,48.62701416015625,68.35948181152344,46.077392578125
2,3,1500,18,0.044444444444444446,10,0.768,0.5903599262237549,73.90459442138672,46.48453140258789,68.35948181152344,46.077392578125
2,3,1500,19,0.042105263157894736,10,0.8106666666666666,0.5925931334495544,73.66627502441406,45.41062927246094,68.35948181152344,46.077392578125
2,3,1500,20,0.04,10,0.8533333333333334,0.6936189532279968,71.83208465576172,47.11739730834961,68.35948181152344,46.077392578125
2,4,2000,10,0.08,10,0.32,0.5872840881347656,71.19161987304688,42.862586975097656,68.35948181152344,46.077392578125
2,4,2000,11,0.07272727272727274,10,0.352,0.6454602479934692,72.41703796386719,47.221683502197266,68.35948181152344,46.077392578125
2,4,2000,12,0.06666666666666667,10,0.384,0.5334454774856567,70.94601440429688,43.8052978515625,68.35948181152344,46.077392578125
2,4,2000,13,0.06153846153846154,10,0.416,0.39773038029670715,71.59272766113281,44.54945373535156,68.35948181152344,46.077392578125
2,4,2000,14,0.05714285714285715,10,0.448,0.47756680846214294,74.65153503417969,47.078678131103516,68.35948181152344,46.077392578125
2,4,2000,15,0.05333333333333334,10,0.48,0.4602561295032501,72.46260833740234,46.17100524902344,68.35948181152344,46.077392578125
2,4,2000,16,0.05,10,0.512,0.5106694102287292,75.49749755859375,46.988494873046875,68.35948181152344,46.077392578125
2,4,2000,17,0.047058823529411764,10,0.544,0.5915541648864746,74.09750366210938,46.32262420654297,68.35948181152344,46.077392578125
2,4,2000,18,0.044444444444444446,10,0.576,0.5063530802726746,74.48114013671875,47.31517791748047,68.35948181152344,46.077392578125
2,4,2000,19,0.042105263157894736,10,0.608,0.6300823092460632,74.68455505371094,47.68579864501953,68.35948181152344,46.077392578125
2,4,2000,20,0.04,10,0.64,0.5765528678894043,73.81328582763672,48.93720245361328,68.35948181152344,46.077392578125
2,5,2500,10,0.08,10,0.256,0.6800729036331177,72.38447570800781,46.72682189941406,68.35948181152344,46.077392578125
2,5,2500,11,0.07272727272727274,10,0.2816,0.4742017388343811,71.08602905273438,45.690452575683594,68.35948181152344,46.077392578125
2,5,2500,12,0.06666666666666667,10,0.3072,0.6484419703483582,73.46827697753906,49.55005645751953,68.35948181152344,46.077392578125
2,5,2500,13,0.06153846153846154,10,0.3328,0.6374547481536865,71.55250549316406,47.20921325683594,68.35948181152344,46.077392578125
2,5,2500,14,0.05714285714285715,10,0.3584,0.5729985237121582,71.86647033691406,47.83616638183594,68.35948181152344,46.077392578125
2,5,2500,15,0.05333333333333334,10,0.384,0.5888035297393799,73.72832489013672,48.536354064941406,68.35948181152344,46.077392578125
2,5,2500,16,0.05,10,0.4096,0.46412405371665955,71.33528900146484,46.70731735229492,68.35948181152344,46.077392578125
2,5,2500,17,0.047058823529411764,10,0.4352,0.645334005355835,74.16961669921875,51.11381149291992,68.35948181152344,46.077392578125
2,5,2500,18,0.044444444444444446,10,0.4608,0.9170253872871399,77.34707641601562,50.94725036621094,68.35948181152344,46.077392578125
2,5,2500,19,0.042105263157894736,10,0.4864,0.7071786522865295,72.59549713134766,48.11602020263672,68.35948181152344,46.077392578125
2,5,2500,20,0.04,10,0.512,0.6382964849472046,74.81283569335938,49.88825607299805,68.35948181152344,46.077392578125
2,6,3000,10,0.08,10,0.21333333333333335,0.5576499700546265,68.93463134765625,43.421287536621094,68.35948181152344,46.077392578125
2,6,3000,11,0.07272727272727274,10,0.23466666666666666,0.5183663368225098,72.17988586425781,46.89567565917969,68.35948181152344,46.077392578125
2,6,3000,12,0.06666666666666667,10,0.256,0.44701698422431946,73.03561401367188,49.02775955200195,68.35948181152344,46.077392578125
2,6,3000,13,0.06153846153846154,10,0.2773333333333333,0.5127379894256592,75.60784912109375,49.78633117675781,68.35948181152344,46.077392578125
2,6,3000,14,0.05714285714285715,10,0.2986666666666667,0.5804420709609985,73.38555908203125,49.7398681640625,68.35948181152344,46.077392578125
2,6,3000,15,0.05333333333333334,10,0.32,0.5584741830825806,74.88406372070312,50.52196502685547,68.35948181152344,46.077392578125
2,6,3000,16,0.05,10,0.3413333333333333,0.6186138391494751,73.80741119384766,49.432838439941406,68.35948181152344,46.077392578125
2,6,3000,17,0.047058823529411764,10,0.3626666666666667,0.3843894600868225,73.54491424560547,47.50940704345703,68.35948181152344,46.077392578125
2,6,3000,18,0.044444444444444446,10,0.384,0.5068572759628296,73.57820129394531,46.93506622314453,68.35948181152344,46.077392578125
2,6,3000,19,0.042105263157894736,10,0.4053333333333333,0.42868444323539734,71.06314086914062,46.499542236328125,68.35948181152344,46.077392578125
2,6,3000,20,0.04,10,0.4266666666666667,0.4878947138786316,70.9380111694336,46.056907653808594,68.35948181152344,46.077392578125
2,7,3500,10,0.08,10,0.18285714285714286,0.7058544754981995,71.05216979980469,46.67165756225586,68.35948181152344,46.077392578125
2,7,3500,11,0.07272727272727274,10,0.20114285714285715,0.49425673484802246,76.44145202636719,50.7154655456543,68.35948181152344,46.077392578125
2,7,3500,12,0.06666666666666667,10,0.21942857142857142,0.6646302342414856,73.32022094726562,49.15614700317383,68.35948181152344,46.077392578125
2,7,3500,13,0.06153846153846154,10,0.2377142857142857,0.5455381274223328,73.30194091796875,48.33003234863281,68.35948181152344,46.077392578125
2,7,3500,14,0.05714285714285715,10,0.256,0.47736746072769165,73.35810852050781,49.294044494628906,68.35948181152344,46.077392578125
2,7,3500,15,0.05333333333333334,10,0.2742857142857143,0.4975467622280121,74.26759338378906,49.79945373535156,68.35948181152344,46.077392578125
2,7,3500,16,0.05,10,0.2925714285714286,0.5800410509109497,72.1888656616211,48.00267791748047,68.35948181152344,46.077392578125
2,7,3500,17,0.047058823529411764,10,0.31085714285714283,0.5721506476402283,72.00239562988281,46.3013916015625,68.35948181152344,46.077392578125
2,7,3500,18,0.044444444444444446,10,0.3291428571428571,0.4294326603412628,70.16891479492188,47.05189514160156,68.35948181152344,46.077392578125
2,7,3500,19,0.042105263157894736,10,0.3474285714285714,0.5937343239784241,73.35873413085938,47.52985382080078,68.35948181152344,46.077392578125
2,7,3500,20,0.04,10,0.3657142857142857,0.6273663640022278,74.26106262207031,50.198402404785156,68.35948181152344,46.077392578125
2,8,4000,10,0.08,10,0.16,0.6091578006744385,73.0871810913086,47.78113555908203,68.35948181152344,46.077392578125
2,8,4000,11,0.07272727272727274,10,0.176,0.6319558620452881,71.3209228515625,46.219120025634766,68.35948181152344,46.077392578125
2,8,4000,12,0.06666666666666667,10,0.192,0.6098824739456177,75.41513061523438,50.19954299926758,68.35948181152344,46.077392578125
2,8,4000,13,0.06153846153846154,10,0.208,0.39299947023391724,72.48980712890625,48.83788299560547,68.35948181152344,46.077392578125
2,8,4000,14,0.05714285714285715,10,0.224,0.5566750764846802,72.37333679199219,47.159278869628906,68.35948181152344,46.077392578125
2,8,4000,15,0.05333333333333334,10,0.24,0.5638580322265625,74.21531677246094,47.4317626953125,68.35948181152344,46.077392578125
2,8,4000,16,0.05,10,0.256,0.6156357526779175,73.26557159423828,47.95803451538086,68.35948181152344,46.077392578125
2,8,4000,17,0.047058823529411764,10,0.272,0.7431371808052063,72.62240600585938,48.19976043701172,68.35948181152344,46.077392578125
2,8,4000,18,0.044444444444444446,10,0.288,0.8181419968605042,72.34317016601562,47.37764358520508,68.35948181152344,46.077392578125
2,8,4000,19,0.042105263157894736,10,0.304,0.3885955810546875,73.15431213378906,47.796546936035156,68.35948181152344,46.077392578125
2,8,4000,20,0.04,10,0.32,0.39689356088638306,71.10176086425781,46.57759094238281,68.35948181152344,46.077392578125
2,9,4500,10,0.08,10,0.14222222222222222,0.6749516129493713,75.49136352539062,49.33502197265625,68.35948181152344,46.077392578125
2,9,4500,11,0.07272727272727274,10,0.15644444444444444,0.44594451785087585,71.810791015625,47.0526008605957,68.35948181152344,46.077392578125
2,9,4500,12,0.06666666666666667,10,0.17066666666666666,0.7389557361602783,75.66021728515625,51.106544494628906,68.35948181152344,46.077392578125
2,9,4500,13,0.06153846153846154,10,0.18488888888888888,0.48756781220436096,73.7113265991211,47.24829864501953,68.35948181152344,46.077392578125
2,9,4500,14,0.05714285714285715,10,0.1991111111111111,0.7311155200004578,73.70848846435547,48.32836151123047,68.35948181152344,46.077392578125
2,9,4500,15,0.05333333333333334,10,0.21333333333333335,0.6366126537322998,72.50563049316406,46.42564392089844,68.35948181152344,46.077392578125
2,9,4500,16,0.05,10,0.22755555555555557,0.6464218497276306,75.51747131347656,48.16780090332031,68.35948181152344,46.077392578125
2,9,4500,17,0.047058823529411764,10,0.24177777777777779,0.7182500958442688,73.10488891601562,47.08180236816406,68.35948181152344,46.077392578125
2,9,4500,18,0.044444444444444446,10,0.256,0.6022949814796448,71.49787902832031,46.22541046142578,68.35948181152344,46.077392578125
2,9,4500,19,0.042105263157894736,10,0.2702222222222222,0.6043249368667603,76.31124114990234,48.86407470703125,68.35948181152344,46.077392578125
2,9,4500,20,0.04,10,0.28444444444444444,0.6302005052566528,75.10531616210938,49.207550048828125,68.35948181152344,46.077392578125
2,10,5000,10,0.08,10,0.128,0.6394880414009094,74.84475708007812,49.576019287109375,68.35948181152344,46.077392578125
2,10,5000,11,0.07272727272727274,10,0.1408,0.6507764458656311,73.23753356933594,47.666343688964844,68.35948181152344,46.077392578125
2,10,5000,12,0.06666666666666667,10,0.1536,0.6805805563926697,74.11834716796875,48.962554931640625,68.35948181152344,46.077392578125
2,10,5000,13,0.06153846153846154,10,0.1664,0.6132275462150574,70.29766845703125,46.55269241333008,68.35948181152344,46.077392578125
2,10,5000,14,0.05714285714285715,10,0.1792,0.6409950256347656,72.03858947753906,46.95177459716797,68.35948181152344,46.077392578125
2,10,5000,15,0.05333333333333334,10,0.192,0.5492043495178223,72.7691421508789,48.24214553833008,68.35948181152344,46.077392578125
2,10,5000,16,0.05,10,0.2048,0.801639199256897,75.84982299804688,50.727073669433594,68.35948181152344,46.077392578125
2,10,5000,17,0.047058823529411764,10,0.2176,0.7279903888702393,73.13101196289062,47.78647232055664,68.35948181152344,46.077392578125
2,10,5000,18,0.044444444444444446,10,0.2304,0.6976065039634705,70.29328918457031,46.93251037597656,68.35948181152344,46.077392578125
2,10,5000,19,0.042105263157894736,10,0.2432,0.5274449586868286,73.5968017578125,49.14051055908203,68.35948181152344,46.077392578125
2,10,5000,20,0.04,10,0.256,0.5742179155349731,73.26351928710938,48.118247985839844,68.35948181152344,46.077392578125
2,11,5500,10,0.08,10,0.11636363636363636,0.5071760416030884,71.34751892089844,47.524192810058594,68.35948181152344,46.077392578125
2,11,5500,11,0.07272727272727274,10,0.128,0.33267828822135925,71.77742004394531,47.336265563964844,68.35948181152344,46.077392578125
2,11,5500,12,0.06666666666666667,10,0.13963636363636364,0.5328792333602905,71.1866455078125,49.47126388549805,68.35948181152344,46.077392578125
2,11,5500,13,0.06153846153846154,10,0.15127272727272728,0.5159666538238525,70.64015197753906,48.33967971801758,68.35948181152344,46.077392578125
2,11,5500,14,0.05714285714285715,10,0.16290909090909092,0.4548134207725525,70.05867004394531,46.62378692626953,68.35948181152344,46.077392578125
2,11,5500,15,0.05333333333333334,10,0.17454545454545456,0.5174006223678589,69.76323699951172,47.80799865722656,68.35948181152344,46.077392578125
2,11,5500,16,0.05,10,0.18618181818181817,0.6413497924804688,71.51008605957031,48.638885498046875,68.35948181152344,46.077392578125
2,11,5500,17,0.047058823529411764,10,0.1978181818181818,0.5723369717597961,73.64797973632812,51.00859832763672,68.35948181152344,46.077392578125
2,11,5500,18,0.044444444444444446,10,0.20945454545454545,0.7135927081108093,72.79896545410156,50.58665466308594,68.35948181152344,46.077392578125
2,11,5500,19,0.042105263157894736,10,0.2210909090909091,0.4886012673377991,71.72628784179688,48.6954345703125,68.35948181152344,46.077392578125
2,11,5500,20,0.04,10,0.23272727272727273,0.7543612122535706,71.48429870605469,48.36982727050781,68.35948181152344,46.077392578125
2,12,6000,10,0.08,10,0.10666666666666667,0.6720327138900757,73.01544189453125,45.11731719970703,68.35948181152344,46.077392578125
2,12,6000,11,0.07272727272727274,10,0.11733333333333333,0.7118009328842163,71.56915283203125,44.50754165649414,68.35948181152344,46.077392578125
2,12,6000,12,0.06666666666666667,10,0.128,0.5048660039901733,72.16200256347656,45.075897216796875,68.35948181152344,46.077392578125
2,12,6000,13,0.06153846153846154,10,0.13866666666666666,0.38620826601982117,75.78077697753906,47.496849060058594,68.35948181152344,46.077392578125
2,12,6000,14,0.05714285714285715,10,0.14933333333333335,0.5606617331504822,72.98385620117188,45.53619384765625,68.35948181152344,46.077392578125
2,12,6000,15,0.05333333333333334,10,0.16,0.6418725848197937,70.36077880859375,44.57316589355469,68.35948181152344,46.077392578125
2,12,6000,16,0.05,10,0.17066666666666666,0.477284699678421,70.27953338623047,43.797149658203125,68.35948181152344,46.077392578125
2,12,6000,17,0.047058823529411764,10,0.18133333333333335,0.5973047614097595,74.57289123535156,46.99292755126953,68.35948181152344,46.077392578125
2,12,6000,18,0.044444444444444446,10,0.192,0.9047451615333557,71.9098129272461,44.962799072265625,68.35948181152344,46.077392578125
2,12,6000,19,0.042105263157894736,10,0.20266666666666666,0.7285046577453613,73.0439224243164,45.149383544921875,68.35948181152344,46.077392578125
2,12,6000,20,0.04,10,0.21333333333333335,0.5824922919273376,72.84185791015625,46.081275939941406,68.35948181152344,46.077392578125
