seed,k,N,depth,xcoord,dist
0,1,1024,16,0.5,0.29806795716285706
0,1,1024,17,0.53125,0.3077915906906128
0,1,1024,18,0.5625,0.334292471408844
0,1,1024,19,0.59375,0.36226898431777954
0,1,1024,20,0.625,0.39245837926864624
0,1,1024,21,0.65625,0.4139213263988495
0,1,1024,22,0.6875,0.47155264019966125
0,1,1024,23,0.71875,0.4229337275028229
0,1,1024,24,0.75,0.39986589550971985
0,1,1024,25,0.78125,0.4641752541065216
0,1,1024,26,0.8125,0.449482262134552
0,1,1024,27,0.84375,0.46526193618774414
0,1,1024,28,0.875,0.5277574062347412
0,1,1024,29,0.90625,0.5464364290237427
0,1,1024,30,0.9375,0.5245926976203918
0,1,1024,31,0.96875,0.5422798991203308
0,1,1024,32,1.0,0.5341649651527405
0,2,2048,16,0.25,0.28098854422569275
0,2,2048,17,0.265625,0.3233894407749176
0,2,2048,18,0.28125,0.34255287051200867
0,2,2048,19,0.296875,0.35003629326820374
0,2,2048,20,0.3125,0.37332823872566223
0,2,2048,21,0.328125,0.36875781416893005
0,2,2048,22,0.34375,0.40426909923553467
0,2,2048,23,0.359375,0.39982926845550537
0,2,2048,24,0.375,0.3882544934749603
0,2,2048,25,0.390625,0.3892684578895569
0,2,2048,26,0.40625,0.4429025650024414
0,2,2048,27,0.421875,0.43893712759017944
0,2,2048,28,0.4375,0.4452575743198395
0,2,2048,29,0.453125,0.4376385509967804
0,2,2048,30,0.46875,0.43205639719963074
0,2,2048,31,0.484375,0.4298321604728699
0,2,2048,32,0.5,0.4637366831302643
0,3,3072,16,0.16666666666666666,0.14891017973423004
0,3,3072,17,0.17708333333333334,0.1488332599401474
0,3,3072,18,0.1875,0.15527580678462982
0,3,3072,19,0.19791666666666666,0.15461459755897522
0,3,3072,20,0.20833333333333334,0.17282040417194366
0,3,3072,21,0.21875,0.1811944991350174
0,3,3072,22,0.22916666666666666,0.18980306386947632
0,3,3072,23,0.23958333333333334,0.19041383266448975
0,3,3072,24,0.25,0.190927192568779
0,3,3072,25,0.2604166666666667,0.19753414392471313
0,3,3072,26,0.2708333333333333,0.19567173719406128
0,3,3072,27,0.28125,0.19245287775993347
0,3,3072,28,0.2916666666666667,0.2014077603816986
0,3,3072,29,0.3020833333333333,0.20323728024959564
0,3,3072,30,0.3125,0.2177095115184784
0,3,3072,31,0.3229166666666667,0.2145782858133316
0,3,3072,32,0.3333333333333333,0.24305716156959534
0,4,4096,16,0.125,0.14044089615345
0,4,4096,17,0.1328125,0.15433169901371002
0,4,4096,18,0.140625,0.1632276177406311
0,4,4096,19,0.1484375,0.16239584982395172
0,4,4096,20,0.15625,0.1744283139705658
0,4,4096,21,0.1640625,0.18319350481033325
0,4,4096,22,0.171875,0.2108098268508911
0,4,4096,23,0.1796875,0.19822993874549866
0,4,4096,24,0.1875,0.19717098772525787
0,4,4096,25,0.1953125,0.2019808292388916
0,4,4096,26,0.203125,0.178105428814888
0,4,4096,27,0.2109375,0.18811093270778656
0,4,4096,28,0.21875,0.1804657131433487
0,4,4096,29,0.2265625,0.19205418229103088
0,4,4096,30,0.234375,0.19571539759635925
0,4,4096,31,0.2421875,0.2021828293800354
0,4,4096,32,0.25,0.22109690308570862
0,5,5120,16,0.1,0.18442635238170624
0,5,5120,17,0.10625,0.20451009273529053
0,5,5120,18,0.1125,0.20737990736961365
0,5,5120,19,0.11875,0.20963135361671448
0,5,5120,20,0.125,0.18597649037837982
0,5,5120,21,0.13125,0.18738776445388794
0,5,5120,22,0.1375,0.19556187093257904
0,5,5120,23,0.14375,0.2194451540708542
0,5,5120,24,0.15,0.21859848499298096
0,5,5120,25,0.15625,0.2369491308927536
0,5,5120,26,0.1625,0.260227233171463
0,5,5120,27,0.16875,0.2461787611246109
0,5,5120,28,0.175,0.27616995573043823
0,5,5120,29,0.18125,0.2613842785358429
0,5,5120,30,0.1875,0.26005232334136963
0,5,5120,31,0.19375,0.2775419056415558
0,5,5120,32,0.2,0.2811785340309143
0,6,6144,16,0.08333333333333333,0.1538836658000946
0,6,6144,17,0.08854166666666667,0.16132232546806335
0,6,6144,18,0.09375,0.1675397902727127
0,6,6144,19,0.09895833333333333,0.17163895070552826
0,6,6144,20,0.10416666666666667,0.18007886409759521
0,6,6144,21,0.109375,0.17360922694206238
0,6,6144,22,0.11458333333333333,0.17199523746967316
0,6,6144,23,0.11979166666666667,0.17906638979911804
0,6,6144,24,0.125,0.1901240199804306
0,6,6144,25,0.13020833333333334,0.1906406283378601
0,6,6144,26,0.13541666666666666,0.18971501290798187
0,6,6144,27,0.140625,0.1913098394870758
0,6,6144,28,0.14583333333333334,0.19354110956192017
0,6,6144,29,0.15104166666666666,0.20260114967823029
0,6,6144,30,0.15625,0.21250763535499573
0,6,6144,31,0.16145833333333334,0.20628568530082703
0,6,6144,32,0.16666666666666666,0.19039033353328705
0,7,7168,16,0.07142857142857142,0.1541091948747635
0,7,7168,17,0.07589285714285714,0.15912514925003052
0,7,7168,18,0.08035714285714286,0.15993456542491913
0,7,7168,19,0.08482142857142858,0.1719094067811966
0,7,7168,20,0.08928571428571429,0.17087550461292267
0,7,7168,21,0.09375,0.17039859294891357
0,7,7168,22,0.09821428571428571,0.16359522938728333
0,7,7168,23,0.10267857142857142,0.17730607092380524
0,7,7168,24,0.10714285714285714,0.18900395929813385
0,7,7168,25,0.11160714285714286,0.19132287800312042
0,7,7168,26,0.11607142857142858,0.2012765109539032
0,7,7168,27,0.12053571428571429,0.19994735717773438
0,7,7168,28,0.125,0.19922442734241486
0,7,7168,29,0.12946428571428573,0.19526225328445435
0,7,7168,30,0.13392857142857142,0.18991239368915558
0,7,7168,31,0.13839285714285715,0.182980015873909
0,7,7168,32,0.14285714285714285,0.18315152823925018
0,8,8192,16,0.0625,0.12821386754512787
0,8,8192,17,0.06640625,0.1344911903142929
0,8,8192,18,0.0703125,0.15081526339054108
0,8,8192,19,0.07421875,0.15027175843715668
0,8,8192,20,0.078125,0.15632739663124084
0,8,8192,21,0.08203125,0.16412353515625
0,8,8192,22,0.0859375,0.17523086071014404
0,8,8192,23,0.08984375,0.1735079288482666
0,8,8192,24,0.09375,0.18396924436092377
0,8,8192,25,0.09765625,0.1965256929397583
0,8,8192,26,0.1015625,0.18475434184074402
0,8,8192,27,0.10546875,0.187286838889122
0,8,8192,28,0.109375,0.2036072015762329
0,8,8192,29,0.11328125,0.21100136637687683
0,8,8192,30,0.1171875,0.20085720717906952
0,8,8192,31,0.12109375,0.19708339869976044
0,8,8192,32,0.125,0.20469172298908234
0,9,9216,16,0.05555555555555555,0.11232145130634308
0,9,9216,17,0.059027777777777776,0.12380114197731018
0,9,9216,18,0.0625,0.1255231648683548
0,9,9216,19,0.06597222222222222,0.12693989276885986
0,9,9216,20,0.06944444444444445,0.13856147229671478
0,9,9216,21,0.07291666666666667,0.1440594643354416
0,9,9216,22,0.0763888888888889,0.1469574123620987
0,9,9216,23,0.0798611111111111,0.1480623185634613
0,9,9216,24,0.08333333333333333,0.14160306751728058
0,9,9216,25,0.08680555555555555,0.14526516199111938
0,9,9216,26,0.09027777777777778,0.1562105417251587
0,9,9216,27,0.09375,0.15263403952121735
0,9,9216,28,0.09722222222222222,0.15980254113674164
0,9,9216,29,0.10069444444444445,0.16679690778255463
0,9,9216,30,0.10416666666666667,0.1602025181055069
0,9,9216,31,0.1076388888888889,0.16563253104686737
0,9,9216,32,0.1111111111111111,0.1868094503879547
0,10,10240,16,0.05,0.11057981103658676
0,10,10240,17,0.053125,0.1203264445066452
0,10,10240,18,0.05625,0.12526598572731018
0,10,10240,19,0.059375,0.11528359353542328
0,10,10240,20,0.0625,0.11406809091567993
0,10,10240,21,0.065625,0.11595627665519714
0,10,10240,22,0.06875,0.13327889144420624
0,10,10240,23,0.071875,0.12610001862049103
0,10,10240,24,0.075,0.11374661326408386
0,10,10240,25,0.078125,0.12720820307731628
0,10,10240,26,0.08125,0.13467906415462494
0,10,10240,27,0.084375,0.13621795177459717
0,10,10240,28,0.0875,0.1366267055273056
0,10,10240,29,0.090625,0.13366660475730896
0,10,10240,30,0.09375,0.13461904227733612
0,10,10240,31,0.096875,0.1345614790916443
0,10,10240,32,0.1,0.1495702713727951
1,1,1024,16,0.5,0.3024981915950775
1,1,1024,17,0.53125,0.30343592166900635
1,1,1024,18,0.5625,0.34343013167381287
1,1,1024,19,0.59375,0.3650418519973755
1,1,1024,20,0.625,0.3552498519420624
1,1,1024,21,0.65625,0.3830775022506714
1,1,1024,22,0.6875,0.44177621603012085
1,1,1024,23,0.71875,0.4531976878643036
1,1,1024,24,0.75,0.42452120780944824
1,1,1024,25,0.78125,0.4657273590564728
1,1,1024,26,0.8125,0.4779210388660431
1,1,1024,27,0.84375,0.563596248626709
1,1,1024,28,0.875,0.5966687798500061
1,1,1024,29,0.90625,0.5620926022529602
1,1,1024,30,0.9375,0.5246695280075073
1,1,1024,31,0.96875,0.516046941280365
1,1,1024,32,1.0,0.4853890538215637
1,2,2048,16,0.25,0.22875717282295227
1,2,2048,17,0.265625,0.23563824594020844
1,2,2048,18,0.28125,0.22569577395915985
1,2,2048,19,0.296875,0.21521204710006714
1,2,2048,20,0.3125,0.21192164719104767
1,2,2048,21,0.328125,0.210198774933815
1,2,2048,22,0.34375,0.20702211558818817
1,2,2048,23,0.359375,0.19361215829849243
1,2,2048,24,0.375,0.21477992832660675
1,2,2048,25,0.390625,0.24526941776275635
1,2,2048,26,0.40625,0.246113121509552
1,2,2048,27,0.421875,0.24382124841213226
1,2,2048,28,0.4375,0.26036909222602844
1,2,2048,29,0.453125,0.24700665473937988
1,2,2048,30,0.46875,0.25483718514442444
1,2,2048,31,0.484375,0.2684418857097626
1,2,2048,32,0.5,0.2728746831417084
1,3,3072,16,0.16666666666666666,0.18295210599899292
1,3,3072,17,0.17708333333333334,0.18207034468650818
1,3,3072,18,0.1875,0.2211160659790039
1,3,3072,19,0.19791666666666666,0.22787320613861084
1,3,3072,20,0.20833333333333334,0.2407798171043396
1,3,3072,21,0.21875,0.2270289808511734
1,3,3072,22,0.22916666666666666,0.22361907362937927
1,3,3072,23,0.23958333333333334,0.2275368571281433
1,3,3072,24,0.25,0.2241174280643463
1,3,3072,25,0.2604166666666667,0.21447528898715973
1,3,3072,26,0.2708333333333333,0.22140471637248993
1,3,3072,27,0.28125,0.22423885762691498
1,3,3072,28,0.2916666666666667,0.22685101628303528
1,3,3072,29,0.3020833333333333,0.2112467736005783
1,3,3072,30,0.3125,0.21506962180137634
1,3,3072,31,0.3229166666666667,0.2126873880624771
1,3,3072,32,0.3333333333333333,0.21907152235507965
1,4,4096,16,0.125,0.20520001649856567
1,4,4096,17,0.1328125,0.206187903881073
1,4,4096,18,0.140625,0.216317281126976
1,4,4096,19,0.1484375,0.20666533708572388
1,4,4096,20,0.15625,0.20699891448020935
1,4,4096,21,0.1640625,0.21487431228160858
1,4,4096,22,0.171875,0.22184550762176514
1,4,4096,23,0.1796875,0.21235325932502747
1,4,4096,24,0.1875,0.1995180994272232
1,4,4096,25,0.1953125,0.19920802116394043
1,4,4096,26,0.203125,0.21154969930648804
1,4,4096,27,0.2109375,0.22049401700496674
1,4,4096,28,0.21875,0.22635924816131592
1,4,4096,29,0.2265625,0.22644928097724915
1,4,4096,30,0.234375,0.24644501507282257
1,4,4096,31,0.2421875,0.25741177797317505
1,4,4096,32,0.25,0.24963924288749695
1,5,5120,16,0.1,0.12031561136245728
1,5,5120,17,0.10625,0.12297110259532928
1,5,5120,18,0.1125,0.13666440546512604
1,5,5120,19,0.11875,0.14159366488456726
1,5,5120,20,0.125,0.14318503439426422
1,5,5120,21,0.13125,0.15265223383903503
1,5,5120,22,0.1375,0.17981967329978943
1,5,5120,23,0.14375,0.18102216720581055
1,5,5120,24,0.15,0.17913272976875305
1,5,5120,25,0.15625,0.17742133140563965
1,5,5120,26,0.1625,0.1704266518354416
1,5,5120,27,0.16875,0.1728784143924713
1,5,5120,28,0.175,0.18429502844810486
1,5,5120,29,0.18125,0.1865859478712082
1,5,5120,30,0.1875,0.18943506479263306
1,5,5120,31,0.19375,0.18968012928962708
1,5,5120,32,0.2,0.1992524266242981
1,6,6144,16,0.08333333333333333,0.12164287269115448
1,6,6144,17,0.08854166666666667,0.12550102174282074
1,6,6144,18,0.09375,0.12359101325273514
1,6,6144,19,0.09895833333333333,0.1290721744298935
1,6,6144,20,0.10416666666666667,0.14958538115024567
1,6,6144,21,0.109375,0.1582694947719574
1,6,6144,22,0.11458333333333333,0.15789639949798584
1,6,6144,23,0.11979166666666667,0.16069863736629486
1,6,6144,24,0.125,0.1577806919813156
1,6,6144,25,0.13020833333333334,0.15876512229442596
1,6,6144,26,0.13541666666666666,0.16089415550231934
1,6,6144,27,0.140625,0.16961652040481567
1,6,6144,28,0.14583333333333334,0.16400541365146637
1,6,6144,29,0.15104166666666666,0.16934238374233246
1,6,6144,30,0.15625,0.18133223056793213
1,6,6144,31,0.16145833333333334,0.19265049695968628
1,6,6144,32,0.16666666666666666,0.1801844835281372
1,7,7168,16,0.07142857142857142,0.1629316359758377
1,7,7168,17,0.07589285714285714,0.16601385176181793
1,7,7168,18,0.08035714285714286,0.15888719260692596
1,7,7168,19,0.08482142857142858,0.17177030444145203
1,7,7168,20,0.08928571428571429,0.16715705394744873
1,7,7168,21,0.09375,0.16269446909427643
1,7,7168,22,0.09821428571428571,0.17046920955181122
1,7,7168,23,0.10267857142857142,0.16626021265983582
1,7,7168,24,0.10714285714285714,0.17515133321285248
1,7,7168,25,0.11160714285714286,0.17726212739944458
1,7,7168,26,0.11607142857142858,0.1873692125082016
1,7,7168,27,0.12053571428571429,0.18725036084651947
1,7,7168,28,0.125,0.18726801872253418
1,7,7168,29,0.12946428571428573,0.1888970136642456
1,7,7168,30,0.13392857142857142,0.20607542991638184
1,7,7168,31,0.13839285714285715,0.21810808777809143
1,7,7168,32,0.14285714285714285,0.22124548256397247
1,8,8192,16,0.0625,0.13703078031539917
1,8,8192,17,0.06640625,0.14350131154060364
1,8,8192,18,0.0703125,0.1520984023809433
1,8,8192,19,0.07421875,0.1515452116727829
1,8,8192,20,0.078125,0.15332573652267456
1,8,8192,21,0.08203125,0.15132220089435577
1,8,8192,22,0.0859375,0.1528000384569168
1,8,8192,23,0.08984375,0.165690079331398
1,8,8192,24,0.09375,0.1654634326696396
1,8,8192,25,0.09765625,0.16962599754333496
1,8,8192,26,0.1015625,0.1776466965675354
1,8,8192,27,0.10546875,0.18170689046382904
1,8,8192,28,0.109375,0.1847122311592102
1,8,8192,29,0.11328125,0.1897185891866684
1,8,8192,30,0.1171875,0.19389334321022034
1,8,8192,31,0.12109375,0.18862764537334442
1,8,8192,32,0.125,0.1962231993675232
1,9,9216,16,0.05555555555555555,0.15698085725307465
1,9,9216,17,0.059027777777777776,0.15547305345535278
1,9,9216,18,0.0625,0.15844042599201202
1,9,9216,19,0.06597222222222222,0.15391653776168823
1,9,9216,20,0.06944444444444445,0.17548641562461853
1,9,9216,21,0.07291666666666667,0.1852688193321228
1,9,9216,22,0.0763888888888889,0.17562995851039886
1,9,9216,23,0.0798611111111111,0.168100044131279
1,9,9216,24,0.08333333333333333,0.1747884452342987
1,9,9216,25,0.08680555555555555,0.18753394484519958
1,9,9216,26,0.09027777777777778,0.19551602005958557
1,9,9216,27,0.09375,0.1838684231042862
1,9,9216,28,0.09722222222222222,0.18571388721466064
1,9,9216,29,0.10069444444444445,0.1872749924659729
1,9,9216,30,0.10416666666666667,0.1920311599969864
1,9,9216,31,0.1076388888888889,0.21063187718391418
1,9,9216,32,0.1111111111111111,0.2111140489578247
1,10,10240,16,0.05,0.12897524237632751
1,10,10240,17,0.053125,0.12325814366340637
1,10,10240,18,0.05625,0.13228780031204224
1,10,10240,19,0.059375,0.12970656156539917
1,10,10240,20,0.0625,0.13655425608158112
1,10,10240,21,0.065625,0.13723114132881165
1,10,10240,22,0.06875,0.13674631714820862
1,10,10240,23,0.071875,0.14516563713550568
1,10,10240,24,0.075,0.1461993157863617
1,10,10240,25,0.078125,0.1397082656621933
1,10,10240,26,0.08125,0.14003071188926697
1,10,10240,27,0.084375,0.140150249004364
1,10,10240,28,0.0875,0.14764563739299774
1,10,10240,29,0.090625,0.1591072976589203
1,10,10240,30,0.09375,0.15974025428295135
1,10,10240,31,0.096875,0.161528542637825
1,10,10240,32,0.1,0.17378918826580048
2,1,1024,16,0.5,0.4174807667732239
2,1,1024,17,0.53125,0.4195949137210846
2,1,1024,18,0.5625,0.42268189787864685
2,1,1024,19,0.59375,0.4506520628929138
2,1,1024,20,0.625,0.41777533292770386
2,1,1024,21,0.65625,0.3835908770561218
2,1,1024,22,0.6875,0.4170551598072052
2,1,1024,23,0.71875,0.40692421793937683
2,1,1024,24,0.75,0.3970017433166504
2,1,1024,25,0.78125,0.42286884784698486
2,1,1024,26,0.8125,0.41163599491119385
2,1,1024,27,0.84375,0.39421144127845764
2,1,1024,28,0.875,0.4532737135887146
2,1,1024,29,0.90625,0.39796823263168335
2,1,1024,30,0.9375,0.4434283375740051
2,1,1024,31,0.96875,0.3971303105354309
2,1,1024,32,1.0,0.4177980422973633
2,2,2048,16,0.25,0.20038838684558868
2,2,2048,17,0.265625,0.2115110456943512
2,2,2048,18,0.28125,0.21596898138523102
2,2,2048,19,0.296875,0.22490490972995758
2,2,2048,20,0.3125,0.2466312050819397
2,2,2048,21,0.328125,0.27616024017333984
2,2,2048,22,0.34375,0.2848231792449951
2,2,2048,23,0.359375,0.3077813386917114
2,2,2048,24,0.375,0.29809731245040894
2,2,2048,25,0.390625,0.30962952971458435
2,2,2048,26,0.40625,0.3580832779407501
2,2,2048,27,0.421875,0.37044429779052734
2,2,2048,28,0.4375,0.37931451201438904
2,2,2048,29,0.453125,0.33798617124557495
2,2,2048,30,0.46875,0.3158881962299347
2,2,2048,31,0.484375,0.3368235230445862
2,2,2048,32,0.5,0.3610402047634125
2,3,3072,16,0.16666666666666666,0.19494718313217163
2,3,3072,17,0.17708333333333334,0.19384120404720306
2,3,3072,18,0.1875,0.19285134971141815
2,3,3072,19,0.19791666666666666,0.1982783079147339
2,3,3072,20,0.20833333333333334,0.20928561687469482
2,3,3072,21,0.21875,0.21818950772285461
2,3,3072,22,0.22916666666666666,0.22690914571285248
2,3,3072,23,0.23958333333333334,0.2769785523414612
2,3,3072,24,0.25,0.25699877738952637
2,3,3072,25,0.2604166666666667,0.28914400935173035
2,3,3072,26,0.2708333333333333,0.29837390780448914
2,3,3072,27,0.28125,0.3019205331802368
2,3,3072,28,0.2916666666666667,0.30703791975975037
2,3,3072,29,0.3020833333333333,0.288810670375824
2,3,3072,30,0.3125,0.28046342730522156
2,3,3072,31,0.3229166666666667,0.29752975702285767
2,3,3072,32,0.3333333333333333,0.30313533544540405
2,4,4096,16,0.125,0.17437121272087097
2,4,4096,17,0.1328125,0.1755019724369049
2,4,4096,18,0.140625,0.17748934030532837
2,4,4096,19,0.1484375,0.18568982183933258
2,4,4096,20,0.15625,0.19922851026058197
2,4,4096,21,0.1640625,0.2206520140171051
2,4,4096,22,0.171875,0.22756730020046234
2,4,4096,23,0.1796875,0.2194642424583435
2,4,4096,24,0.1875,0.22152841091156006
2,4,4096,25,0.1953125,0.2236759215593338
2,4,4096,26,0.203125,0.22021959722042084
2,4,4096,27,0.2109375,0.2349955439567566
2,4,4096,28,0.21875,0.24079297482967377
2,4,4096,29,0.2265625,0.23730811476707458
2,4,4096,30,0.234375,0.24138538539409637
2,4,4096,31,0.2421875,0.24135683476924896
2,4,4096,32,0.25,0.2512364685535431
2,5,5120,16,0.1,0.16535794734954834
2,5,5120,17,0.10625,0.15159285068511963
2,5,5120,18,0.1125,0.17286472022533417
2,5,5120,19,0.11875,0.19900357723236084
2,5,5120,20,0.125,0.20704182982444763
2,5,5120,21,0.13125,0.22821514308452606
2,5,5120,22,0.1375,0.2204514592885971
2,5,5120,23,0.14375,0.2228691726922989
2,5,5120,24,0.15,0.18758951127529144
2,5,5120,25,0.15625,0.20167182385921478
2,5,5120,26,0.1625,0.21178559958934784
2,5,5120,27,0.16875,0.22573259472846985
2,5,5120,28,0.175,0.2401168793439865
2,5,5120,29,0.18125,0.2251589596271515
2,5,5120,30,0.1875,0.20631781220436096
2,5,5120,31,0.19375,0.20813903212547302
2,5,5120,32,0.2,0.20844383537769318
2,6,6144,16,0.08333333333333333,0.12249941378831863
2,6,6144,17,0.08854166666666667,0.12843404710292816
2,6,6144,18,0.09375,0.13112978637218475
2,6,6144,19,0.09895833333333333,0.1508851945400238
2,6,6144,20,0.10416666666666667,0.14409483969211578
2,6,6144,21,0.109375,0.1448834240436554
2,6,6144,22,0.11458333333333333,0.15021149814128876
2,6,6144,23,0.11979166666666667,0.1505729705095291
2,6,6144,24,0.125,0.1556110978126526
2,6,6144,25,0.13020833333333334,0.1527266800403595
2,6,6144,26,0.13541666666666666,0.16776558756828308
2,6,6144,27,0.140625,0.16887769103050232
2,6,6144,28,0.14583333333333334,0.17934125661849976
2,6,6144,29,0.15104166666666666,0.17003226280212402
2,6,6144,30,0.15625,0.16878914833068848
2,6,6144,31,0.16145833333333334,0.16771996021270752
2,6,6144,32,0.16666666666666666,0.16819845139980316
2,7,7168,16,0.07142857142857142,0.1320548802614212
2,7,7168,17,0.07589285714285714,0.13036662340164185
2,7,7168,18,0.08035714285714286,0.1270952671766281
2,7,7168,19,0.08482142857142858,0.1320197433233261
2,7,7168,20,0.08928571428571429,0.1371839940547943
2,7,7168,21,0.09375,0.14225685596466064
2,7,7168,22,0.09821428571428571,0.14729724824428558
2,7,7168,23,0.10267857142857142,0.15051411092281342
2,7,7168,24,0.10714285714285714,0.14560182392597198
2,7,7168,25,0.11160714285714286,0.1480720490217209
2,7,7168,26,0.11607142857142858,0.17008379101753235
2,7,7168,27,0.12053571428571429,0.18460188806056976
2,7,7168,28,0.125,0.18965084850788116
2,7,7168,29,0.12946428571428573,0.18394510447978973
2,7,7168,30,0.13392857142857142,0.16991877555847168
2,7,7168,31,0.13839285714285715,0.15455906093120575
2,7,7168,32,0.14285714285714285,0.151190847158432
2,8,8192,16,0.0625,0.1355023980140686
2,8,8192,17,0.06640625,0.13240289688110352
2,8,8192,18,0.0703125,0.1388637274503708
2,8,8192,19,0.07421875,0.15403535962104797
2,8,8192,20,0.078125,0.15363408625125885
2,8,8192,21,0.08203125,0.16276632249355316
2,8,8192,22,0.0859375,0.1728755533695221
2,8,8192,23,0.08984375,0.17410892248153687
2,8,8192,24,0.09375,0.1671999990940094
2,8,8192,25,0.09765625,0.16563551127910614
2,8,8192,26,0.1015625,0.17474022507667542
2,8,8192,27,0.10546875,0.19863830506801605
2,8,8192,28,0.109375,0.224186509847641
2,8,8192,29,0.11328125,0.21136589348316193
2,8,8192,30,0.1171875,0.2051037698984146
2,8,8192,31,0.12109375,0.18576866388320923
2,8,8192,32,0.125,0.18268083035945892
2,9,9216,16,0.05555555555555555,0.1123390942811966
2,9,9216,17,0.059027777777777776,0.11548664420843124
2,9,9216,18,0.0625,0.12071444094181061
2,9,9216,19,0.06597222222222222,0.1259530782699585
2,9,9216,20,0.06944444444444445,0.12836191058158875
2,9,9216,21,0.07291666666666667,0.13486796617507935
2,9,9216,22,0.0763888888888889,0.14631377160549164
2,9,9216,23,0.0798611111111111,0.15361353754997253
2,9,9216,24,0.08333333333333333,0.1538216918706894
2,9,9216,25,0.08680555555555555,0.15464618802070618
2,9,9216,26,0.09027777777777778,0.16221223771572113
2,9,9216,27,0.09375,0.16099713742733002
2,9,9216,28,0.09722222222222222,0.1777445673942566
2,9,9216,29,0.10069444444444445,0.1689288467168808
2,9,9216,30,0.10416666666666667,0.16227379441261292
2,9,9216,31,0.1076388888888889,0.1562093049287796
2,9,9216,32,0.1111111111111111,0.1660154163837433
2,10,10240,16,0.05,0.11306551098823547
2,10,10240,17,0.053125,0.11593816429376602
2,10,10240,18,0.05625,0.13288286328315735
2,10,10240,19,0.059375,0.1596958339214325
2,10,10240,20,0.0625,0.16232356429100037
2,10,10240,21,0.065625,0.16786953806877136
2,10,10240,22,0.06875,0.1591680943965912
2,10,10240,23,0.071875,0.15897852182388306
2,10,10240,24,0.075,0.14767153561115265
2,10,10240,25,0.078125,0.15064853429794312
2,10,10240,26,0.08125,0.17606496810913086
2,10,10240,27,0.084375,0.18675634264945984
2,10,10240,28,0.0875,0.22830043733119965
2,10,10240,29,0.090625,0.20823580026626587
2,10,10240,30,0.09375,0.22064772248268127
2,10,10240,31,0.096875,0.20907491445541382
2,10,10240,32,0.1,0.22577917575836182
3,1,1024,16,0.5,0.25878843665122986
3,1,1024,17,0.53125,0.26108935475349426
3,1,1024,18,0.5625,0.27206334471702576
3,1,1024,19,0.59375,0.28710758686065674
3,1,1024,20,0.625,0.2719145715236664
3,1,1024,21,0.65625,0.2924653887748718
3,1,1024,22,0.6875,0.2968282997608185
3,1,1024,23,0.71875,0.3285059332847595
3,1,1024,24,0.75,0.3468165695667267
3,1,1024,25,0.78125,0.3491429388523102
3,1,1024,26,0.8125,0.3635295629501343
3,1,1024,27,0.84375,0.38959750533103943
3,1,1024,28,0.875,0.4052685797214508
3,1,1024,29,0.90625,0.4054567813873291
3,1,1024,30,0.9375,0.39531752467155457
3,1,1024,31,0.96875,0.381435751914978
3,1,1024,32,1.0,0.3839331865310669
3,2,2048,16,0.25,0.2089708000421524
3,2,2048,17,0.265625,0.21701878309249878
3,2,2048,18,0.28125,0.20735140144824982
3,2,2048,19,0.296875,0.20579470694065094
3,2,2048,20,0.3125,0.20028412342071533
3,2,2048,21,0.328125,0.2298300564289093
3,2,2048,22,0.34375,0.23328374326229095
3,2,2048,23,0.359375,0.2648986577987671
3,2,2048,24,0.375,0.2835240066051483
3,2,2048,25,0.390625,0.2848317325115204
3,2,2048,26,0.40625,0.2901526093482971
3,2,2048,27,0.421875,0.30048316717147827
3,2,2048,28,0.4375,0.3045908510684967
3,2,2048,29,0.453125,0.3413350582122803
3,2,2048,30,0.46875,0.35853371024131775
3,2,2048,31,0.484375,0.34109702706336975
3,2,2048,32,0.5,0.332429438829422
3,3,3072,16,0.16666666666666666,0.185287743806839
3,3,3072,17,0.17708333333333334,0.18145130574703217
3,3,3072,18,0.1875,0.19256165623664856
3,3,3072,19,0.19791666666666666,0.2038796991109848
3,3,3072,20,0.20833333333333334,0.21098774671554565
3,3,3072,21,0.21875,0.23277324438095093
3,3,3072,22,0.22916666666666666,0.24241358041763306
3,3,3072,23,0.23958333333333334,0.2577926218509674
3,3,3072,24,0.25,0.26634255051612854
3,3,3072,25,0.2604166666666667,0.2646028995513916
3,3,3072,26,0.2708333333333333,0.2557593584060669
3,3,3072,27,0.28125,0.2645507752895355
3,3,3072,28,0.2916666666666667,0.2910175025463104
3,3,3072,29,0.3020833333333333,0.2827100157737732
3,3,3072,30,0.3125,0.2739962935447693
3,3,3072,31,0.3229166666666667,0.2891322374343872
3,3,3072,32,0.3333333333333333,0.28660666942596436
3,4,4096,16,0.125,0.18613344430923462
3,4,4096,17,0.1328125,0.1804601401090622
3,4,4096,18,0.140625,0.18417759239673615
3,4,4096,19,0.1484375,0.18955491483211517
3,4,4096,20,0.15625,0.18534891307353973
3,4,4096,21,0.1640625,0.2017362266778946
3,4,4096,22,0.171875,0.19152148067951202
3,4,4096,23,0.1796875,0.1963326334953308
3,4,4096,24,0.1875,0.20306701958179474
3,4,4096,25,0.1953125,0.21497337520122528
3,4,4096,26,0.203125,0.21936142444610596
3,4,4096,27,0.2109375,0.22469548881053925
3,4,4096,28,0.21875,0.23404037952423096
3,4,4096,29,0.2265625,0.2346036583185196
3,4,4096,30,0.234375,0.23092147707939148
3,4,4096,31,0.2421875,0.22992002964019775
3,4,4096,32,0.25,0.2362138330936432
3,5,5120,16,0.1,0.12934544682502747
3,5,5120,17,0.10625,0.1294478476047516
3,5,5120,18,0.1125,0.13088923692703247
3,5,5120,19,0.11875,0.13491322100162506
3,5,5120,20,0.125,0.1422307938337326
3,5,5120,21,0.13125,0.15127170085906982
3,5,5120,22,0.1375,0.14509892463684082
3,5,5120,23,0.14375,0.15889260172843933
3,5,5120,24,0.15,0.16402259469032288
3,5,5120,25,0.15625,0.17349107563495636
3,5,5120,26,0.1625,0.17759224772453308
3,5,5120,27,0.16875,0.20108255743980408
3,5,5120,28,0.175,0.20092973113059998
3,5,5120,29,0.18125,0.18960882723331451
3,5,5120,30,0.1875,0.19489777088165283
3,5,5120,31,0.19375,0.20057587325572968
3,5,5120,32,0.2,0.20583213865756989
3,6,6144,16,0.08333333333333333,0.1800735890865326
3,6,6144,17,0.08854166666666667,0.18408896028995514
3,6,6144,18,0.09375,0.21644479036331177
3,6,6144,19,0.09895833333333333,0.22925764322280884
3,6,6144,20,0.10416666666666667,0.24728137254714966
3,6,6144,21,0.109375,0.25916069746017456
3,6,6144,22,0.11458333333333333,0.23033300042152405
3,6,6144,23,0.11979166666666667,0.26158300042152405
3,6,6144,24,0.125,0.2821955680847168
3,6,6144,25,0.13020833333333334,0.3175114393234253
3,6,6144,26,0.13541666666666666,0.3236451745033264
3,6,6144,27,0.140625,0.3131045997142792
3,6,6144,28,0.14583333333333334,0.28138211369514465
3,6,6144,29,0.15104166666666666,0.26154786348342896
3,6,6144,30,0.15625,0.249962717294693
3,6,6144,31,0.16145833333333334,0.2545461356639862
3,6,6144,32,0.16666666666666666,0.23782742023468018
3,7,7168,16,0.07142857142857142,0.13746918737888336
3,7,7168,17,0.07589285714285714,0.1322466880083084
3,7,7168,18,0.08035714285714286,0.14449013769626617
3,7,7168,19,0.08482142857142858,0.15190409123897552
3,7,7168,20,0.08928571428571429,0.1563223898410797
3,7,7168,21,0.09375,0.16966107487678528
3,7,7168,22,0.09821428571428571,0.17685645818710327
3,7,7168,23,0.10267857142857142,0.18031370639801025
3,7,7168,24,0.10714285714285714,0.19304916262626648
3,7,7168,25,0.11160714285714286,0.2174803465604782
3,7,7168,26,0.11607142857142858,0.2313825935125351
3,7,7168,27,0.12053571428571429,0.2302975356578827
3,7,7168,28,0.125,0.2223731428384781
3,7,7168,29,0.12946428571428573,0.2491612285375595
3,7,7168,30,0.13392857142857142,0.2711007297039032
3,7,7168,31,0.13839285714285715,0.23852631449699402
3,7,7168,32,0.14285714285714285,0.262132465839386
3,8,8192,16,0.0625,0.13028259575366974
3,8,8192,17,0.06640625,0.13713984191417694
3,8,8192,18,0.0703125,0.14633791148662567
3,8,8192,19,0.07421875,0.14489421248435974
3,8,8192,20,0.078125,0.14463739097118378
3,8,8192,21,0.08203125,0.1818472146987915
3,8,8192,22,0.0859375,0.17323186993598938
3,8,8192,23,0.08984375,0.18948721885681152
3,8,8192,24,0.09375,0.19617298245429993
3,8,8192,25,0.09765625,0.2151464819908142
3,8,8192,26,0.1015625,0.22498342394828796
3,8,8192,27,0.10546875,0.24896091222763062
3,8,8192,28,0.109375,0.258720338344574
3,8,8192,29,0.11328125,0.2609960436820984
3,8,8192,30,0.1171875,0.2632492482662201
3,8,8192,31,0.12109375,0.2580588757991791
3,8,8192,32,0.125,0.24995441734790802
3,9,9216,16,0.05555555555555555,0.16003991663455963
3,9,9216,17,0.059027777777777776,0.1732403039932251
3,9,9216,18,0.0625,0.1611211895942688
3,9,9216,19,0.06597222222222222,0.16859091818332672
3,9,9216,20,0.06944444444444445,0.16189144551753998
3,9,9216,21,0.07291666666666667,0.18241547048091888
3,9,9216,22,0.0763888888888889,0.18482325971126556
3,9,9216,23,0.0798611111111111,0.19628633558750153
3,9,9216,24,0.08333333333333333,0.22027002274990082
3,9,9216,25,0.08680555555555555,0.21513120830059052
3,9,9216,26,0.09027777777777778,0.21196365356445312
3,9,9216,27,0.09375,0.21585649251937866
3,9,9216,28,0.09722222222222222,0.21853205561637878
3,9,9216,29,0.10069444444444445,0.21643789112567902
3,9,9216,30,0.10416666666666667,0.22192232310771942
3,9,9216,31,0.1076388888888889,0.22300435602664948
3,9,9216,32,0.1111111111111111,0.23039788007736206
3,10,10240,16,0.05,0.1258959025144577
3,10,10240,17,0.053125,0.12725822627544403
3,10,10240,18,0.05625,0.1332128494977951
3,10,10240,19,0.059375,0.1309536099433899
3,10,10240,20,0.0625,0.12703955173492432
3,10,10240,21,0.065625,0.14298564195632935
3,10,10240,22,0.06875,0.1470777690410614
3,10,10240,23,0.071875,0.15239831805229187
3,10,10240,24,0.075,0.16337646543979645
3,10,10240,25,0.078125,0.17984560132026672
3,10,10240,26,0.08125,0.1865065097808838
3,10,10240,27,0.084375,0.19291625916957855
3,10,10240,28,0.0875,0.1870896965265274
3,10,10240,29,0.090625,0.1833733171224594
3,10,10240,30,0.09375,0.19069330394268036
3,10,10240,31,0.096875,0.18817083537578583
3,10,10240,32,0.1,0.18526917695999146
4,1,1024,16,0.5,0.285056471824646
4,1,1024,17,0.53125,0.3035470247268677
4,1,1024,18,0.5625,0.33165401220321655
4,1,1024,19,0.59375,0.331917405128479
4,1,1024,20,0.625,0.32008543610572815
4,1,1024,21,0.65625,0.34188312292099
4,1,1024,22,0.6875,0.3541548550128937
4,1,1024,23,0.71875,0.373984694480896
4,1,1024,24,0.75,0.34565290808677673
4,1,1024,25,0.78125,0.3567262887954712
4,1,1024,26,0.8125,0.3694969415664673
4,1,1024,27,0.84375,0.34817981719970703
4,1,1024,28,0.875,0.3483206629753113
4,1,1024,29,0.90625,0.3412458598613739
4,1,1024,30,0.9375,0.35588982701301575
4,1,1024,31,0.96875,0.36462080478668213
4,1,1024,32,1.0,0.3529888391494751
4,2,2048,16,0.25,0.2810734510421753
4,2,2048,17,0.265625,0.2699982821941376
4,2,2048,18,0.28125,0.2805899679660797
4,2,2048,19,0.296875,0.2730920612812042
4,2,2048,20,0.3125,0.27926748991012573
4,2,2048,21,0.328125,0.27104246616363525
4,2,2048,22,0.34375,0.29125678539276123
4,2,2048,23,0.359375,0.3170476257801056
4,2,2048,24,0.375,0.295343816280365
4,2,2048,25,0.390625,0.3020845353603363
4,2,2048,26,0.40625,0.29560691118240356
4,2,2048,27,0.421875,0.29627543687820435
4,2,2048,28,0.4375,0.32087886333465576
4,2,2048,29,0.453125,0.3223935663700104
4,2,2048,30,0.46875,0.31743597984313965
4,2,2048,31,0.484375,0.33964771032333374
4,2,2048,32,0.5,0.32834652066230774
4,3,3072,16,0.16666666666666666,0.165462464094162
4,3,3072,17,0.17708333333333334,0.17227263748645782
4,3,3072,18,0.1875,0.17693376541137695
4,3,3072,19,0.19791666666666666,0.18512296676635742
4,3,3072,20,0.20833333333333334,0.2038269340991974
4,3,3072,21,0.21875,0.2040543109178543
4,3,3072,22,0.22916666666666666,0.2141875922679901
4,3,3072,23,0.23958333333333334,0.2114017754793167
4,3,3072,24,0.25,0.23247270286083221
4,3,3072,25,0.2604166666666667,0.2383163422346115
4,3,3072,26,0.2708333333333333,0.23406706750392914
4,3,3072,27,0.28125,0.2358488291501999
4,3,3072,28,0.2916666666666667,0.23342467844486237
4,3,3072,29,0.3020833333333333,0.23747166991233826
4,3,3072,30,0.3125,0.24782706797122955
4,3,3072,31,0.3229166666666667,0.24911989271640778
4,3,3072,32,0.3333333333333333,0.2684395909309387
4,4,4096,16,0.125,0.17093472182750702
4,4,4096,17,0.1328125,0.17134621739387512
4,4,4096,18,0.140625,0.18095049262046814
4,4,4096,19,0.1484375,0.18463219702243805
4,4,4096,20,0.15625,0.1905677765607834
4,4,4096,21,0.1640625,0.18549710512161255
4,4,4096,22,0.171875,0.18483932316303253
4,4,4096,23,0.1796875,0.17223840951919556
4,4,4096,24,0.1875,0.18983250856399536
4,4,4096,25,0.1953125,0.18858544528484344
4,4,4096,26,0.203125,0.1904638260602951
4,4,4096,27,0.2109375,0.19553712010383606
4,4,4096,28,0.21875,0.18711665272712708
4,4,4096,29,0.2265625,0.179249107837677
4,4,4096,30,0.234375,0.18371398746967316
4,4,4096,31,0.2421875,0.1836603283882141
4,4,4096,32,0.25,0.1836167275905609
4,5,5120,16,0.1,0.13551342487335205
4,5,5120,17,0.10625,0.15504388511180878
4,5,5120,18,0.1125,0.16927380859851837
4,5,5120,19,0.11875,0.16708745062351227
4,5,5120,20,0.125,0.1516059786081314
4,5,5120,21,0.13125,0.16393327713012695
4,5,5120,22,0.1375,0.1674797683954239
4,5,5120,23,0.14375,0.1777556985616684
4,5,5120,24,0.15,0.16828367114067078
4,5,5120,25,0.15625,0.17460153996944427
4,5,5120,26,0.1625,0.1979905664920807
4,5,5120,27,0.16875,0.20201264321804047
4,5,5120,28,0.175,0.22440609335899353
4,5,5120,29,0.18125,0.23947404325008392
4,5,5120,30,0.1875,0.2182212620973587
4,5,5120,31,0.19375,0.1891654133796692
4,5,5120,32,0.2,0.18396732211112976
4,6,6144,16,0.08333333333333333,0.1456420123577118
4,6,6144,17,0.08854166666666667,0.14603087306022644
4,6,6144,18,0.09375,0.14635784924030304
4,6,6144,19,0.09895833333333333,0.14270129799842834
4,6,6144,20,0.10416666666666667,0.15154588222503662
4,6,6144,21,0.109375,0.14595644176006317
4,6,6144,22,0.11458333333333333,0.13885542750358582
4,6,6144,23,0.11979166666666667,0.13021591305732727
4,6,6144,24,0.125,0.13571305572986603
4,6,6144,25,0.13020833333333334,0.13525532186031342
4,6,6144,26,0.13541666666666666,0.1395607590675354
4,6,6144,27,0.140625,0.14023065567016602
4,6,6144,28,0.14583333333333334,0.15015819668769836
4,6,6144,29,0.15104166666666666,0.15265008807182312
4,6,6144,30,0.15625,0.14922502636909485
4,6,6144,31,0.16145833333333334,0.13963013887405396
4,6,6144,32,0.16666666666666666,0.14113163948059082
4,7,7168,16,0.07142857142857142,0.1617712378501892
4,7,7168,17,0.07589285714285714,0.14835231006145477
4,7,7168,18,0.08035714285714286,0.14937333762645721
4,7,7168,19,0.08482142857142858,0.1513935625553131
4,7,7168,20,0.08928571428571429,0.15330646932125092
4,7,7168,21,0.09375,0.1616983860731125
4,7,7168,22,0.09821428571428571,0.17974239587783813
4,7,7168,23,0.10267857142857142,0.18172957003116608
4,7,7168,24,0.10714285714285714,0.19617271423339844
4,7,7168,25,0.11160714285714286,0.20020608603954315
4,7,7168,26,0.11607142857142858,0.2008994072675705
4,7,7168,27,0.12053571428571429,0.2037912905216217
4,7,7168,28,0.125,0.1679249107837677
4,7,7168,29,0.12946428571428573,0.16430708765983582
4,7,7168,30,0.13392857142857142,0.16386778652668
4,7,7168,31,0.13839285714285715,0.18131937086582184
4,7,7168,32,0.14285714285714285,0.1945328563451767
4,8,8192,16,0.0625,0.1220138743519783
4,8,8192,17,0.06640625,0.1335112452507019
4,8,8192,18,0.0703125,0.14166688919067383
4,8,8192,19,0.07421875,0.15109166502952576
4,8,8192,20,0.078125,0.14935994148254395
4,8,8192,21,0.08203125,0.148604616522789
4,8,8192,22,0.0859375,0.1431402564048767
4,8,8192,23,0.08984375,0.1426835060119629
4,8,8192,24,0.09375,0.1416742354631424
4,8,8192,25,0.09765625,0.1420557051897049
4,8,8192,26,0.1015625,0.15067212283611298
4,8,8192,27,0.10546875,0.15469974279403687
4,8,8192,28,0.109375,0.16699235141277313
4,8,8192,29,0.11328125,0.15904267132282257
4,8,8192,30,0.1171875,0.1617339700460434
4,8,8192,31,0.12109375,0.15844382345676422
4,8,8192,32,0.125,0.15663421154022217
4,9,9216,16,0.05555555555555555,0.12185558676719666
4,9,9216,17,0.059027777777777776,0.12068537622690201
4,9,9216,18,0.0625,0.11716235429048538
4,9,9216,19,0.06597222222222222,0.12197501957416534
4,9,9216,20,0.06944444444444445,0.12227196246385574
4,9,9216,21,0.07291666666666667,0.1168711706995964
4,9,9216,22,0.0763888888888889,0.11586104333400726
4,9,9216,23,0.0798611111111111,0.12147971987724304
4,9,9216,24,0.08333333333333333,0.13396543264389038
4,9,9216,25,0.08680555555555555,0.13098780810832977
4,9,9216,26,0.09027777777777778,0.13176114857196808
4,9,9216,27,0.09375,0.13724489510059357
4,9,9216,28,0.09722222222222222,0.13885881006717682
4,9,9216,29,0.10069444444444445,0.13610726594924927
4,9,9216,30,0.10416666666666667,0.13052517175674438
4,9,9216,31,0.1076388888888889,0.13763363659381866
4,9,9216,32,0.1111111111111111,0.15250547230243683
4,10,10240,16,0.05,0.10955741256475449
4,10,10240,17,0.053125,0.11054010689258575
4,10,10240,18,0.05625,0.11590761691331863
4,10,10240,19,0.059375,0.1261533796787262
4,10,10240,20,0.0625,0.15435631573200226
4,10,10240,21,0.065625,0.16945120692253113
4,10,10240,22,0.06875,0.14166870713233948
4,10,10240,23,0.071875,0.13646695017814636
4,10,10240,24,0.075,0.1690564602613449
4,10,10240,25,0.078125,0.14786474406719208
4,10,10240,26,0.08125,0.15231576561927795
4,10,10240,27,0.084375,0.15441128611564636
4,10,10240,28,0.0875,0.13828079402446747
4,10,10240,29,0.090625,0.12738987803459167
4,10,10240,30,0.09375,0.14151275157928467
4,10,10240,31,0.096875,0.1464596539735794
4,10,10240,32,0.1,0.15621255338191986
